Date,CRIME_COUNT
2010-09-13,997
2010-09-14,1069
2010-09-17,1126
2014-04-17,836
2013-12-23,680
2014-01-23,625
2014-02-06,611
2014-02-17,598
2015-09-16,766
2013-12-18,763
2011-01-01,1558
2015-11-29,612
2015-10-20,785
2015-11-13,679
2019-06-16,721
2010-12-22,884
2011-05-18,955
2011-03-17,1077
2011-04-09,948
2014-04-08,748
2014-06-17,889
2014-10-16,746
2016-02-08,570
2016-02-24,578
2016-03-23,686
2016-07-21,785
2016-08-25,770
2011-07-05,1146
2011-08-11,1053
2011-08-26,1050
2014-12-16,660
2014-12-23,674
2014-10-10,741
2020-12-16,526
2019-12-03,690
2020-12-13,549
2019-09-18,756
2019-09-22,656
2015-02-06,696
2015-02-15,552
2015-02-17,597
2016-05-23,782
2016-06-15,790
2017-02-12,678
2016-10-03,772
2016-11-05,821
2016-11-30,697
2016-12-08,606
2019-06-24,810
2009-02-03,955
2011-12-29,864
2011-09-29,987
2012-05-11,998
2011-12-26,713
2012-02-10,775
2012-02-22,897
2015-02-25,572
2019-07-23,787
2020-12-22,579
2019-12-26,609
2020-05-12,455
2020-01-15,653
2016-04-10,704
2016-12-11,512
2017-02-21,679
2017-04-17,752
2017-05-01,863
2017-05-09,707
2019-10-17,676
2017-06-04,820
2017-06-12,742
2009-04-07,1101
2009-04-09,1113
2009-05-07,1208
2014-12-22,647
2016-09-23,845
2012-03-13,926
2012-03-25,885
2012-05-26,911
2012-06-10,1008
2015-04-22,682
2020-02-18,668
2020-02-14,586
2020-06-18,601
2020-07-03,687
2019-01-04,769
2020-10-11,653
2021-01-10,558
2021-01-25,539
2009-05-17,1014
2009-05-19,1172
2009-08-05,1206
2009-08-09,1178
2009-09-21,1090
2012-08-06,962
2012-10-03,920
2012-09-01,1182
2013-02-23,697
2017-07-12,691
2017-07-08,759
2017-07-23,842
2017-08-19,892
2017-09-10,739
2017-07-20,761
2017-10-11,617
2015-05-07,826
2020-11-29,531
2021-03-31,489
2021-04-01,611
2015-06-02,772
2009-06-08,1165
2009-07-30,1148
2019-06-29,864
2009-10-30,1181
2009-09-17,1146
2013-05-13,895
2013-06-07,878
2018-03-15,691
2018-04-17,699
2017-11-20,762
2017-12-15,768
2017-12-31,541
2018-08-17,810
2018-08-28,802
2014-05-12,813
2021-07-16,606
2021-08-04,584
2021-08-23,627
2021-08-30,612
2020-12-15,575
2010-02-09,797
2010-02-15,828
2010-02-22,831
2010-02-23,970
2010-02-11,851
2010-03-16,1115
2010-03-23,1118
2010-03-25,1078
2010-05-14,1213
2013-07-07,903
2013-04-15,843
2013-04-16,862
2013-04-21,773
2013-04-07,797
2013-11-13,826
2013-11-26,831
2013-08-31,816
2013-10-04,874
2019-10-21,712
2018-07-02,860
2019-01-17,653
2019-01-25,586
2018-10-26,829
2018-10-27,788
2021-11-18,573
2021-12-06,553
2021-11-17,530
2010-08-29,1129
2010-05-25,1108
2010-06-10,1232
2010-06-11,1160
2010-06-25,1155
2010-06-27,1107
2010-06-29,1106
2010-07-01,1260
2010-10-10,1095
2010-10-22,1068
2018-11-21,741
2019-02-15,741
2019-04-08,744
2010-09-19,1039
2010-10-04,985
2011-01-10,918
2010-11-06,936
2010-05-01,1207
2010-11-29,917
2010-12-12,670
2010-12-19,751
2013-10-09,881
2014-03-27,719
2014-04-12,872
2014-05-02,865
2014-05-04,721
2014-02-04,645
2015-09-07,808
2015-11-01,996
2015-07-27,835
2015-07-28,767
2015-08-29,761
2015-07-08,718
2010-12-26,612
2011-04-18,905
2011-05-11,1111
2011-09-14,983
2014-08-20,834
2014-08-21,778
2015-05-08,807
2016-01-09,650
2016-03-06,714
2016-03-12,746
2016-07-17,789
2011-09-15,963
2011-09-16,1064
2011-06-27,1000
2011-07-24,1001
2011-07-28,1090
2011-08-09,997
2011-08-29,1034
2014-10-07,759
2020-12-18,563
2019-08-31,775
2016-04-15,811
2016-10-21,760
2016-11-23,699
2009-02-01,1000
2009-02-05,1029
2013-07-21,929
2011-10-09,1003
2012-04-10,844
2012-04-21,876
2012-05-07,973
2012-05-14,1004
2012-02-24,784
2015-02-26,518
2019-08-19,787
2019-11-27,637
2019-06-17,752
2020-09-16,618
2019-10-05,723
2020-02-05,632
2009-04-20,1085
2016-12-16,695
2016-12-24,604
2017-04-06,668
2017-05-18,775
2017-05-25,763
2017-06-27,772
2017-02-14,713
2009-03-20,1185
2009-04-11,1075
2009-04-24,1240
2009-05-02,1058
2012-03-03,781
2012-05-27,927
2013-12-05,764
2012-07-14,1054
2015-06-20,766
2020-07-15,607
2020-10-04,583
2020-10-14,651
2020-08-06,604
2020-10-22,606
2020-10-20,555
2009-08-06,1151
2009-08-17,1150
2009-08-31,1029
2009-09-03,1125
2009-09-05,1067
2009-09-11,1285
2009-07-07,1199
2020-04-05,406
2017-05-07,630
2012-08-01,1108
2012-09-29,970
2017-10-26,754
2017-08-27,756
2017-08-10,790
2017-09-17,812
2018-01-04,602
2018-02-04,513
2020-10-25,650
2020-11-04,659
2020-09-13,583
2021-04-08,484
2018-04-18,627
2015-12-28,516
2009-07-12,1167
2009-07-29,1163
2009-10-08,1055
2009-12-03,974
2013-04-03,827
2013-01-08,755
2013-01-23,798
2013-05-01,1170
2013-05-03,903
2018-04-10,714
2018-01-09,652
2018-09-03,776
2015-02-27,638
2021-07-09,605
2021-08-13,558
2021-08-22,606
2015-04-15,802
2010-01-27,896
2020-04-12,385
2010-04-02,1136
2010-04-14,1162
2010-01-20,969
2013-06-08,923
2013-07-25,918
2013-11-14,766
2013-11-17,740
2013-09-08,866
2013-10-06,743
2018-06-14,758
2018-06-23,839
2018-07-28,808
2019-10-22,660
2021-09-10,667
2021-09-12,672
2021-07-26,627
2021-09-18,657
2021-10-11,561
2021-11-12,544
2010-06-04,1141
2010-06-26,1120
2010-07-02,1091
2010-06-15,1085
2010-02-06,858
2018-12-14,793
2019-03-04,544
2010-09-22,1126
2019-08-11,802
2011-02-14,876
2011-02-23,861
2010-10-26,1091
2010-11-15,1032
2014-03-17,705
2013-12-30,640
2015-09-23,833
2015-10-05,755
2015-10-15,816
2015-11-11,688
2015-10-18,675
2015-11-25,620
2015-11-27,613
2015-07-29,764
2015-08-04,761
2016-01-05,627
2013-06-05,904
2010-12-25,503
2011-05-25,976
2011-03-09,931
2014-08-12,760
2015-04-04,694
2014-11-07,781
2016-06-22,749
2016-06-24,807
2016-07-27,795
2016-08-14,843
2011-08-21,1007
2011-10-27,956
2011-11-18,930
2011-12-01,1053
2011-12-06,875
2011-12-07,834
2014-11-21,733
2014-09-18,868
2014-09-30,781
2019-11-26,678
2015-02-07,679
2016-05-11,758
2017-01-26,675
2016-09-24,833
2016-09-20,792
2016-04-13,715
2016-11-26,719
2016-11-29,698
2015-06-07,739
2009-01-09,1056
2009-01-23,979
2019-08-15,814
2018-08-12,843
2012-01-18,791
2012-05-13,819
2019-11-24,698
2020-02-04,649
2020-05-07,420
2020-01-29,620
2020-06-06,529
2016-12-31,704
2016-12-01,822
2017-01-02,613
2017-01-10,705
2016-12-22,702
2017-04-30,657
2017-05-11,737
2017-06-02,841
2009-04-01,1259
2019-07-11,765
2012-03-01,1043
2012-03-14,930
2012-08-12,945
2019-09-24,757
2020-07-04,744
2020-03-10,565
2021-01-06,483
2021-03-03,565
2009-06-14,1063
2009-06-21,1158
2009-08-25,1156
2009-08-24,1089
2018-12-05,712
2012-07-20,1072
2012-09-18,832
2012-10-19,943
2012-11-14,847
2012-11-24,838
2013-02-11,760
2017-11-11,688
2017-08-16,795
2017-08-30,788
2017-09-01,920
2017-10-03,738
2018-01-27,754
2019-05-29,738
2020-10-31,625
2020-11-12,521
2020-11-15,521
2020-12-02,509
2021-03-29,497
2009-11-04,1098
2009-10-14,1050
2013-03-13,824
2013-04-12,922
2013-05-09,837
2018-04-14,689
2018-04-15,603
2017-12-27,523
2018-05-18,800
2021-04-11,479
2021-05-12,489
2021-05-30,587
2021-06-01,665
2021-07-19,565
2021-08-15,594
2015-07-06,757
2010-02-18,1036
2010-02-25,885
2010-03-18,1157
2010-04-12,1017
2010-04-27,1026
2010-05-10,1100
2019-08-10,800
2013-11-09,773
2013-11-20,870
2013-09-16,776
2013-09-28,923
2013-09-29,758
2018-07-29,776
2018-10-31,885
2021-09-11,656
2021-09-19,708
2021-09-24,591
2021-08-05,571
2021-09-27,630
2010-09-20,1083
2010-09-01,1229
2019-01-27,524
2019-02-17,618
2010-09-15,1057
2010-09-09,1014
2011-01-05,896
2011-03-02,822
2013-10-17,777
2013-11-04,831
2014-03-12,660
2014-04-19,756
2014-05-08,767
2013-12-17,756
2013-12-24,542
2014-02-11,596
2014-02-15,639
2018-10-18,725
2015-11-20,714
2015-07-21,777
2015-12-17,728
2019-11-10,652
2015-03-22,656
2011-04-04,1031
2011-09-03,997
2014-07-20,844
2014-08-04,782
2014-08-29,885
2016-01-29,746
2016-02-28,624
2016-04-05,677
2016-04-12,701
2016-08-07,838
2016-08-21,786
2016-05-24,803
2011-06-28,1079
2011-07-10,1080
2011-07-19,1069
2011-07-27,1094
2011-12-02,1000
2014-12-15,729
2019-09-06,772
2020-05-02,493
2016-05-26,767
2016-04-24,756
2016-06-01,938
2016-10-10,724
2016-11-13,660
2009-01-19,804
2017-11-01,825
2012-01-02,702
2020-08-20,638
2012-01-09,883
2012-01-15,772
2012-02-21,850
2012-02-19,785
2019-08-13,762
2019-07-24,745
2019-07-30,777
2019-10-08,712
2020-05-21,495
2017-01-16,652
2017-03-05,662
2017-05-16,748
2017-07-02,780
2009-02-24,963
2009-02-26,938
2009-01-21,1038
2012-06-06,1024
2019-06-28,847
2012-06-28,939
2012-06-30,1011
2020-09-20,604
2020-06-21,594
2021-01-02,448
2020-10-07,614
2020-07-22,612
2020-10-08,563
2020-03-12,633
2021-01-12,566
2021-01-15,582
2021-01-16,485
2021-02-16,365
2021-02-26,570
2021-03-16,480
2009-08-26,1181
2009-09-10,1186
2009-09-16,1135
2012-12-01,1059
2012-12-09,761
2013-02-19,750
2017-11-08,758
2017-11-17,741
2017-10-19,773
2017-10-16,763
2020-11-20,645
2020-12-10,579
2021-02-01,534
2009-07-20,1159
2015-05-22,824
2009-10-31,1183
2009-12-14,1017
2013-03-04,814
2013-06-04,858
2018-02-26,625
2018-08-18,912
2018-08-20,748
2018-08-22,851
2018-08-25,837
2018-08-27,825
2018-05-14,788
2019-06-10,798
2019-06-12,715
2010-02-27,908
2010-04-10,1144
2010-01-13,991
2010-05-23,1056
2013-06-30,934
2013-08-17,944
2013-08-02,969
2013-09-10,916
2013-09-13,887
2013-09-25,886
2018-06-08,774
2019-01-24,607
2018-10-17,690
2021-09-16,671
2021-09-29,642
2021-12-09,580
2010-06-22,1042
2010-07-09,1097
2010-07-14,1128
2010-07-29,1004
2019-06-14,806
2018-12-12,759
2018-12-19,740
2019-03-07,610
2019-03-26,672
2019-04-20,730
2019-04-29,717
2019-05-16,740
2015-06-30,749
2010-08-03,1047
2010-09-23,1086
2011-01-14,987
2011-01-15,895
2011-03-04,941
2010-12-05,767
2013-10-25,843
2019-07-05,891
2013-12-03,856
2014-01-27,546
2014-02-13,643
2015-09-18,791
2015-11-05,754
2015-08-06,809
2015-08-11,791
2015-08-30,800
2015-12-12,752
2011-05-06,1063
2011-03-15,930
2011-09-01,1185
2011-09-05,935
2011-09-10,1092
2014-06-25,855
2014-08-09,887
2014-08-16,855
2015-05-01,954
2015-03-28,657
2016-01-28,751
2016-01-01,1173
2016-07-23,814
2016-08-12,746
2016-08-26,803
2010-01-05,912
2011-06-16,1029
2011-07-20,1019
2011-10-25,1061
2014-11-28,606
2014-12-19,768
2014-12-29,678
2020-08-21,656
2016-05-18,801
2016-05-29,798
2016-06-03,822
2016-10-27,730
2016-11-25,689
2009-01-17,981
2009-01-22,1013
2011-12-08,830
2012-01-14,781
2011-10-04,970
2012-01-20,685
2011-09-22,1130
2011-10-12,1066
2012-04-27,963
2012-05-01,1064
2012-05-15,1040
2012-01-31,964
2019-08-14,793
2019-09-23,766
2019-12-31,549
2020-04-28,465
2020-01-25,663
2016-12-18,526
2017-04-20,713
2017-04-29,616
2017-05-14,712
2016-11-20,663
2017-06-11,813
2009-04-22,1219
2009-04-27,1104
2012-03-02,881
2015-05-09,685
2012-05-29,1094
2012-06-15,1082
2012-06-26,957
2020-06-09,496
2013-08-22,906
2020-06-20,655
2020-07-24,630
2021-02-24,519
2021-03-02,505
2009-05-22,1199
2009-06-07,1007
2009-02-23,939
2009-08-10,1166
2009-07-26,1118
2009-09-04,1172
2009-09-14,1060
2017-11-24,683
2015-11-12,693
2012-10-13,875
2012-11-19,867
2012-09-07,960
2017-07-13,820
2017-07-22,755
2017-08-26,779
2017-09-19,708
2017-10-04,742
2020-11-03,616
2020-11-18,505
2021-03-22,605
2015-09-20,811
2009-10-10,1101
2009-10-24,1137
2009-03-25,1200
2012-12-23,764
2012-12-29,806
2019-07-07,775
2017-11-28,783
2013-05-24,936
2013-05-15,1037
2018-02-06,588
2020-03-22,377
2018-05-17,795
2015-03-15,779
2015-03-18,690
2021-07-11,532
2021-07-29,710
2021-08-19,557
2015-06-04,721
2010-02-20,912
2010-03-12,1157
2010-04-16,1123
2010-01-23,1045
2010-05-03,1112
2013-07-09,884
2013-02-05,789
2013-11-19,850
2019-07-10,837
2013-08-26,942
2019-11-25,694
2018-06-15,842
2018-08-01,943
2018-09-22,799
2018-10-05,654
2021-09-17,617
2021-11-23,498
2021-11-27,546
2010-05-29,1061
2015-06-08,682
2010-07-23,1092
2010-10-30,992
2019-02-01,775
2019-03-23,690
2019-03-31,636
2019-04-10,659
2014-03-04,627
2014-03-16,638
2014-04-06,709
2014-04-18,787
2014-04-24,769
2015-09-11,691
2015-10-13,741
2015-08-24,724
2015-07-01,890
2015-12-26,640
2011-06-15,1107
2011-03-24,893
2011-03-29,917
2014-06-29,906
2014-07-07,899
2014-07-18,874
2014-08-01,1083
2014-08-18,816
2014-05-15,753
2014-06-06,859
2014-06-10,673
2019-07-06,816
2014-11-11,675
2016-02-11,582
2016-02-19,775
2016-04-27,661
2016-06-30,847
2016-08-23,753
2017-10-01,852
2015-05-31,666
2020-03-28,470
2011-09-20,968
2011-08-03,1126
2011-11-14,963
2014-11-29,706
2015-01-02,674
2015-01-12,607
2014-09-29,800
2017-01-21,786
2016-10-12,746
2009-01-26,884
2012-01-25,962
2019-07-16,755
2020-01-31,709
2017-01-04,612
2017-02-16,671
2017-03-09,676
2016-09-09,818
2009-02-16,958
2009-03-16,1035
2012-05-24,1023
2012-06-19,1005
2012-07-21,1065
2020-07-05,723
2020-07-14,603
2020-03-14,618
2021-01-17,537
2021-03-13,505
2021-03-15,492
2009-06-02,1144
2009-05-28,1261
2009-08-14,1261
2012-09-25,922
2012-10-08,901
2012-08-30,929
2012-09-17,901
2017-07-06,781
2017-08-17,768
2017-09-15,808
2020-06-15,577
2020-12-01,600
2020-11-30,491
2018-11-12,687
2010-09-16,1040
2019-11-08,680
2009-10-16,1151
2009-11-02,1002
2010-01-22,1094
2013-02-09,801
2012-08-10,914
2017-11-09,656
2013-05-28,848
2017-12-05,710
2018-09-06,741
2015-03-07,697
2015-03-16,779
2021-05-02,620
2010-02-08,845
2010-03-26,1068
2010-04-19,1022
2010-04-18,937
2013-06-28,910
2013-04-23,764
2013-08-11,896
2013-08-18,882
2018-06-27,827
2019-01-13,573
2019-02-03,596
2019-02-07,670
2018-09-15,809
2018-09-26,752
2021-10-02,699
2021-10-06,656
2021-12-07,520
2010-10-08,1183
2010-10-13,1039
2018-12-08,739
2019-02-10,638
2019-01-08,701
2019-04-19,650
2019-04-26,762
2010-09-12,1077
2010-09-29,1071
2011-01-24,844
2010-11-20,953
2010-11-11,1045
2010-12-15,906
2014-01-16,688
2013-11-01,1015
2014-04-15,749
2013-10-03,859
2014-01-02,485
2015-09-14,791
2015-10-09,795
2015-12-07,689
2015-12-20,693
2015-05-14,755
2011-05-19,1060
2011-05-20,1116
2011-06-14,1101
2011-03-10,946
2011-02-10,781
2015-05-28,800
2014-08-07,843
2016-02-15,553
2016-04-09,689
2016-08-02,793
2011-07-04,1031
2011-07-17,1042
2011-08-12,1130
2011-11-07,870
2011-11-15,1059
2014-12-02,650
2014-09-11,748
2014-09-01,1014
2014-09-25,751
2019-12-06,736
2019-09-16,806
2018-05-02,789
2016-09-10,767
2016-11-06,753
2011-12-19,940
2012-01-17,844
2011-09-26,942
2012-05-02,998
2012-02-03,897
2012-02-04,848
2012-02-14,775
2019-12-15,655
2020-08-27,590
2020-08-30,662
2020-12-21,614
2020-09-06,646
2016-12-15,580
2016-08-29,884
2016-12-26,647
2017-03-07,683
2017-03-13,541
2017-05-06,713
2017-05-10,663
2017-05-27,800
2017-06-28,707
2009-03-13,1220
2009-03-15,1049
2009-03-30,1066
2009-03-19,1093
2009-05-16,1138
2012-05-19,931
2012-04-08,820
2012-07-06,1027
2020-02-17,601
2020-09-12,563
2020-09-18,576
2020-09-19,589
2021-01-04,531
2020-10-05,567
2021-03-01,612
2021-03-14,456
2020-10-18,558
2009-06-01,1305
2009-07-11,1106
2012-08-04,1000
2012-09-24,869
2012-08-22,890
2012-08-25,1081
2015-05-26,770
2017-11-18,698
2017-08-13,730
2017-09-29,810
2017-10-20,849
2018-01-16,614
2018-01-30,637
2020-11-11,487
2020-12-04,579
2020-12-11,498
2018-03-06,653
2009-07-14,1144
2009-12-26,753
2009-10-04,962
2009-10-19,1112
2009-12-02,997
2013-03-29,874
2012-12-12,914
2013-04-25,876
2017-12-10,664
2017-12-14,718
2019-05-20,809
2021-05-26,568
2021-06-23,583
2021-06-28,643
2021-07-27,615
2019-05-31,831
2010-01-16,937
2010-03-19,1164
2010-04-17,1024
2010-05-18,1093
2015-06-10,793
2019-01-31,459
2021-08-28,617
2021-10-09,645
2010-06-28,1168
2010-07-08,1157
2010-07-15,1097
2010-07-25,1064
2010-11-01,1118
2010-08-14,1121
2010-09-03,1098
2018-11-30,752
2019-03-21,689
2014-08-11,874
2011-01-16,769
2011-02-18,1071
2013-10-16,802
2014-02-19,710
2014-03-13,717
2013-12-28,741
2014-02-07,693
2017-11-22,656
2014-10-01,977
2015-08-18,762
2015-12-21,650
2015-10-17,706
2015-10-21,794
2015-11-09,684
2015-08-10,809
2015-08-12,760
2016-01-03,618
2011-04-13,1034
2019-11-20,729
2011-06-17,1175
2014-07-10,821
2014-08-14,796
2014-05-16,841
2014-05-30,828
2014-10-12,691
2016-02-14,514
2016-04-06,660
2016-04-26,693
2016-07-02,756
2016-08-17,862
2011-09-12,1055
2011-06-20,1107
2011-07-14,1070
2019-11-21,662
2011-08-31,1078
2011-06-01,1219
2014-08-27,782
2020-03-21,439
2019-09-09,778
2015-02-18,511
2016-05-12,690
2016-09-29,702
2016-10-16,790
2015-03-19,717
2013-08-23,907
2011-08-23,990
2011-10-21,1010
2012-04-04,865
2012-04-23,935
2012-01-12,745
2020-12-26,440
2020-05-27,568
2020-02-12,629
2016-12-17,614
2017-01-03,718
2017-05-30,814
2009-03-08,871
2009-04-28,1115
2009-05-09,1142
2009-05-10,994
2015-01-01,1235
2020-04-19,344
2012-03-17,1070
2012-05-17,954
2012-07-13,1084
2012-07-29,1017
2020-12-20,553
2020-06-17,604
2020-07-23,566
2020-07-31,630
2009-01-01,1843
2020-09-22,544
2009-06-04,1101
2009-06-10,1179
2009-08-01,1342
2009-08-21,1161
2009-08-30,1016
2009-07-02,1144
2009-07-08,1060
2020-04-06,451
2012-09-23,827
2012-11-17,875
2019-07-03,807
2013-02-18,757
2017-11-03,789
2017-08-06,865
2017-09-30,746
2018-01-17,649
2015-05-12,757
2020-11-21,537
2020-11-19,520
2021-03-26,509
2009-07-18,1120
2009-12-23,881
2010-01-04,855
2009-12-13,878
2009-12-11,991
2013-03-01,1007
2013-04-13,842
2012-12-18,851
2013-02-02,738
2013-05-21,931
2019-07-08,833
2018-03-13,638
2018-03-28,689
2018-09-01,981
2018-05-05,853
2018-05-23,781
2015-03-01,759
2021-07-07,595
2021-08-02,600
2010-01-11,955
2010-04-29,1068
2013-11-23,672
2013-10-07,777
2018-06-02,820
2018-06-29,780
2018-09-25,751
2020-03-25,438
2018-11-01,939
2020-11-02,602
2021-10-29,607
2021-11-02,600
2021-12-11,545
2021-12-16,594
2010-06-01,1303
2010-06-02,1114
2010-06-23,1005
2019-02-21,696
2019-02-28,595
2019-04-21,645
2019-04-28,606
2011-02-16,935
2010-10-28,989
2010-11-09,1121
2012-08-31,1015
2013-11-07,772
2014-03-08,684
2013-12-27,735
2014-01-22,625
2015-10-08,701
2015-10-23,777
2015-11-16,744
2015-08-16,865
2015-09-02,801
2015-12-13,651
2011-04-29,979
2011-03-07,847
2015-06-28,797
2016-02-18,681
2016-03-24,677
2016-07-01,962
2016-07-26,877
2016-08-22,728
2015-06-23,732
2015-04-14,767
2011-06-23,1046
2011-08-13,1038
2011-08-19,1169
2011-11-06,941
2011-11-30,894
2011-12-05,935
2014-12-07,595
2019-09-13,817
2016-06-06,792
2017-01-28,731
2016-10-07,863
2011-12-09,861
2011-12-15,935
2011-08-01,1239
2011-07-01,1132
2011-09-28,937
2012-02-11,712
2017-03-25,695
2020-08-28,668
2019-12-25,511
2020-01-10,624
2020-12-30,474
2020-12-31,552
2016-12-14,610
2017-02-27,633
2017-02-15,673
2017-02-01,847
2009-02-20,1106
2009-01-28,969
2009-04-15,1186
2012-02-28,893
2012-03-30,941
2012-05-16,947
2012-06-01,1225
2012-06-11,1067
2012-06-21,1056
2012-07-19,921
2015-05-02,687
2020-02-28,658
2020-09-27,654
2018-05-10,779
2020-03-06,707
2020-02-26,602
2016-08-13,827
2021-01-29,491
2021-01-31,340
2009-06-05,1168
2009-08-07,1122
2009-08-16,1121
2009-08-15,1210
2009-09-09,1147
2009-09-12,1128
2009-02-06,1136
2012-10-18,898
2012-10-28,827
2012-11-18,849
2012-01-01,1542
2013-02-20,768
2013-02-28,809
2020-10-28,549
2021-03-23,493
2009-07-17,1223
2009-09-23,1197
2013-03-23,783
2018-03-20,712
2021-05-08,542
2021-06-29,534
2021-06-11,662
2021-07-12,575
2010-02-01,1031
2010-02-19,962
2010-04-06,1059
2010-04-25,918
2010-01-12,1004
2013-12-02,790
2013-12-06,725
2013-08-29,873
2013-09-11,872
2013-09-27,965
2018-06-04,790
2018-06-24,870
2018-06-28,822
2018-07-15,812
2019-01-01,1076
2019-01-03,752
2019-01-16,700
2021-09-07,563
2021-09-23,615
2021-10-13,602
2021-01-11,489
2021-12-12,590
2010-05-26,1176
2010-07-12,1063
2010-10-25,1035
2010-08-01,1198
2010-08-17,1084
2018-11-25,574
2019-02-09,756
2019-02-20,635
2010-09-21,1134
2010-12-29,797
2011-02-19,882
2010-11-05,1010
2013-07-27,895
2014-03-06,661
2014-04-16,772
2015-09-10,659
2015-09-12,724
2015-11-24,607
2015-08-01,1046
2019-06-02,734
2015-04-10,714
2011-03-16,1054
2011-04-07,970
2011-09-04,971
2011-09-08,934
2014-06-23,830
2014-07-26,875
2014-05-20,764
2015-05-27,738
2016-01-27,669
2016-02-25,699
2016-03-11,733
2016-05-05,701
2016-06-23,801
2011-04-01,1080
2011-09-18,918
2011-11-28,898
2014-12-04,691
2014-12-11,638
2014-12-14,714
2014-12-28,632
2015-01-19,709
2014-09-13,685
2014-09-19,877
2019-09-15,785
2019-08-28,752
2015-02-13,632
2016-05-17,692
2016-05-06,794
2016-05-28,791
2016-12-06,688
2009-02-04,929
2013-01-01,1430
2019-08-02,882
2020-05-11,452
2019-10-03,730
2020-05-17,440
2020-01-05,623
2019-12-12,656
2020-12-27,495
2020-09-08,545
2020-06-05,542
2017-03-20,696
2017-04-14,773
2017-04-24,736
2017-05-15,871
2017-04-25,757
2009-03-18,1152
2012-03-16,957
2012-05-31,829
2012-06-12,1089
2012-06-23,1128
2012-07-23,988
2020-07-28,625
2021-02-13,419
2009-05-27,1180
2019-06-27,750
2009-08-04,1076
2009-05-18,1116
2009-08-20,1206
2015-03-27,725
2009-07-06,1116
2012-10-14,860
2012-10-30,873
2012-09-13,868
2012-08-27,902
2013-02-25,757
2017-07-18,792
2017-06-14,769
2017-07-04,796
2017-08-21,754
2017-09-14,734
2017-10-05,747
2017-10-13,768
2017-10-22,739
2020-11-07,622
2020-12-06,566
2020-11-26,392
2021-03-21,548
2009-12-29,822
2009-10-25,1056
2009-11-06,1139
2015-06-05,786
2013-01-03,776
2013-01-26,797
2013-05-26,778
2013-05-31,934
2018-01-03,576
2021-04-19,443
2021-05-06,499
2021-08-18,511
2010-03-15,1071
2010-04-05,1008
2010-04-20,1108
2010-05-04,1122
2010-05-16,959
2013-07-15,1018
2013-04-14,828
2013-11-21,864
2018-06-05,752
2018-07-19,778
2019-02-02,722
2018-10-02,717
2021-10-07,576
2021-10-19,550
2021-10-30,616
2021-11-10,624
2021-11-13,588
2021-11-28,565
2010-10-19,1034
2010-08-23,1129
2018-12-22,760
2019-02-14,742
2019-02-23,647
2011-01-22,756
2010-11-22,906
2010-11-10,1108
2014-03-19,762
2014-05-03,745
2014-02-02,581
2015-10-14,764
2011-04-11,1007
2011-06-08,1082
2011-06-11,1020
2011-03-11,1077
2011-03-30,939
2011-09-07,992
2014-06-19,824
2014-07-31,861
2014-06-02,876
2014-06-16,872
2014-10-08,747
2014-11-08,746
2016-01-15,734
2016-03-19,699
2016-04-25,758
2016-07-06,742
2016-07-15,846
2015-06-09,732
2011-06-25,1113
2011-05-16,969
2011-08-28,1010
2011-08-30,1045
2011-10-24,1024
2015-01-09,590
2015-01-15,763
2013-11-25,680
2017-02-06,762
2017-01-12,644
2016-09-12,793
2016-09-27,735
2011-10-08,1015
2010-12-10,961
2020-12-08,548
2020-01-12,575
2020-09-11,660
2017-03-23,666
2009-02-28,966
2019-06-26,798
2009-03-22,994
2009-04-21,1046
2009-05-03,983
2009-05-08,1247
2016-09-04,779
2020-02-27,565
2020-07-17,658
2020-07-20,648
2021-01-13,515
2020-08-07,594
2021-01-23,525
2009-06-24,1225
2015-05-06,739
2009-09-18,1223
2019-11-05,636
2012-10-05,915
2012-08-15,1063
2012-10-16,874
2012-11-23,787
2012-12-11,826
2012-09-11,913
2013-02-12,785
2017-07-24,782
2017-08-28,688
2017-09-23,830
2017-09-27,726
2018-01-29,652
2018-02-05,543
2018-02-11,537
2020-11-05,646
2020-11-08,597
2020-11-24,509
2021-04-13,517
2009-10-26,1047
2013-04-10,852
2012-12-22,732
2013-05-12,834
2018-02-20,645
2018-01-18,626
2018-04-26,733
2018-01-02,562
2018-05-03,742
2015-03-03,636
2015-03-06,712
2021-06-19,712
2021-07-08,578
2021-07-18,591
2010-04-07,913
2010-04-22,1060
2010-04-23,1163
2013-07-10,872
2013-06-20,969
2018-11-11,648
2018-11-09,718
2021-10-12,624
2021-10-17,619
2021-04-06,547
2021-09-21,617
2021-11-19,569
2021-12-24,482
2010-05-21,1090
2010-07-17,1121
2010-08-20,1151
2019-04-09,693
2019-04-12,780
2019-04-13,754
2020-08-13,648
2011-01-03,885
2011-01-28,902
2011-03-01,1055
2010-12-14,814
2013-10-29,851
2013-11-03,798
2014-05-07,769
2013-11-28,567
2014-01-20,695
2014-01-30,752
2015-10-11,735
2015-11-19,696
2015-08-15,826
2019-08-01,920
2011-04-15,1023
2011-05-03,993
2011-06-09,962
2011-04-05,992
2014-07-25,925
2014-08-23,822
2014-09-08,687
2016-02-23,630
2016-04-08,626
2016-07-11,701
2016-07-13,726
2016-07-28,774
2019-05-22,772
2011-07-11,1090
2011-11-19,911
2014-10-20,758
2020-10-02,554
2015-02-09,607
2015-02-10,629
2011-12-14,910
2019-08-12,709
2012-04-15,977
2012-04-28,878
2012-01-26,925
2012-02-02,881
2019-12-19,683
2018-06-01,1020
2019-12-29,689
2020-12-24,499
2020-05-31,1899
2018-07-17,745
2020-09-10,565
2017-05-28,705
2017-05-26,767
2015-03-31,693
2009-03-02,829
2009-02-08,946
2009-04-02,1042
2009-04-12,876
2014-12-26,626
2015-03-24,639
2019-05-03,791
2012-06-05,950
2018-08-08,792
2020-06-27,579
2020-07-16,595
2020-07-21,633
2021-01-26,437
2021-01-28,479
2021-03-08,538
2009-08-12,1252
2013-11-22,852
2012-05-21,886
2012-10-29,833
2012-11-03,802
2012-11-21,892
2012-08-24,1032
2017-11-05,773
2020-12-07,551
2019-08-27,732
2018-01-22,724
2018-02-01,741
2020-10-10,677
2020-01-01,952
2019-06-01,922
2009-12-28,820
2009-09-26,1103
2009-07-21,1190
2009-11-14,1148
2009-11-25,1086
2013-04-05,900
2012-12-08,778
2013-05-02,827
2013-05-11,833
2013-04-22,915
2013-05-17,989
2013-02-14,750
2018-02-16,664
2017-12-06,711
2017-12-24,504
2018-05-04,814
2013-09-30,833
2021-05-07,515
2021-06-15,608
2021-07-04,687
2015-05-03,745
2010-01-15,1212
2013-07-05,989
2013-11-27,733
2018-05-06,716
2018-07-06,890
2021-10-21,625
2021-11-25,408
2010-06-24,1024
2010-07-13,1019
2018-11-29,675
2019-03-12,627
2019-03-17,612
2019-03-25,639
2010-09-08,1056
2010-10-01,1240
2010-12-18,801
2011-01-30,756
2011-03-03,933
2013-10-18,837
2014-02-21,718
2013-12-20,859
2014-01-11,654
2015-11-06,747
2015-11-23,650
2015-12-29,624
2011-04-23,986
2014-07-08,818
2014-08-02,897
2014-08-26,804
2014-09-05,844
2014-09-07,824
2016-02-10,565
2020-03-18,530
2016-03-05,700
2016-08-15,843
2011-06-29,1107
2011-08-16,953
2010-08-10,1112
2014-12-08,709
2020-04-22,432
2019-08-26,730
2016-05-30,820
2016-06-13,794
2009-01-14,867
2019-05-28,747
2015-05-29,828
2012-04-11,920
2012-04-12,923
2012-02-01,1042
2012-02-08,811
2019-07-17,803
2019-07-19,802
2019-12-28,639
2020-09-04,649
2013-01-06,698
2015-06-01,954
2012-08-14,961
2012-06-17,946
2012-07-03,1060
2012-07-08,1093
2012-07-02,1056
2012-07-09,1065
2012-07-27,1040
2021-01-01,718
2021-01-14,534
2009-06-22,1193
2012-11-13,826
2012-12-03,933
2012-08-21,921
2013-02-15,933
2017-01-01,1206
2017-07-11,769
2017-08-14,815
2021-03-19,501
2021-04-04,542
2021-04-10,513
2009-07-22,1232
2013-03-31,768
2013-01-17,849
2013-02-04,729
2013-05-20,961
2013-05-22,910
2013-05-29,904
2018-03-16,703
2018-04-06,695
2018-04-16,733
2017-12-04,809
2017-12-09,659
2015-04-08,679
2018-08-06,803
2021-06-03,623
2021-08-16,597
2010-04-03,976
2010-04-28,1041
2013-06-09,831
2013-06-26,953
2013-07-14,946
2013-08-27,885
2018-07-21,800
2018-09-07,730
2021-09-22,618
2021-07-25,640
2021-12-18,579
2021-12-25,467
2021-12-01,665
2010-05-24,1153
2010-06-13,926
2010-07-18,1077
2015-04-07,603
2018-12-21,802
2010-09-05,983
2011-01-19,933
2011-01-21,840
2011-03-05,783
2013-11-02,776
2014-02-25,650
2014-03-18,818
2014-01-03,562
2015-07-19,764
2019-05-23,772
2019-06-23,809
2010-12-30,852
2011-04-16,924
2011-05-02,966
2011-05-10,1076
2011-05-22,1015
2011-06-07,1097
2014-11-04,776
2016-03-02,609
2016-06-27,771
2015-03-23,592
2014-11-14,754
2011-06-10,1148
2011-06-22,1039
2011-07-26,1039
2011-11-20,918
2014-12-27,717
2015-01-21,746
2015-01-06,503
2014-10-11,801
2019-08-03,869
2020-04-15,413
2016-08-31,780
2016-05-10,713
2015-04-29,766
2012-01-13,752
2011-10-01,1073
2011-10-18,919
2012-01-03,808
2019-08-23,781
2020-12-23,585
2019-12-30,616
2020-02-11,643
2016-12-13,575
2016-12-21,728
2017-04-01,831
2017-04-05,633
2017-04-07,705
2017-04-26,758
2017-04-27,716
2017-06-05,737
2009-02-15,916
2018-06-18,846
2012-03-20,992
2012-06-29,1045
2020-07-12,598
2020-03-04,624
2020-02-24,601
2021-01-21,590
2021-02-08,413
2009-03-26,1211
2009-08-08,1171
2009-08-27,1037
2012-08-03,1061
2012-09-22,871
2012-10-01,1054
2017-09-28,717
2017-10-02,752
2021-04-02,505
2019-10-16,741
2009-11-01,1175
2013-03-03,717
2013-03-05,697
2012-12-20,828
2013-01-21,665
2013-01-30,856
2012-11-11,884
2013-06-03,914
2018-03-18,689
2015-05-10,741
2014-07-04,838
2021-05-10,526
2021-05-22,668
2021-06-06,715
2021-07-02,645
2021-07-14,563
2010-02-26,961
2010-01-14,1078
2013-09-23,849
2013-10-01,1101
2018-05-29,875
2018-05-26,854
2018-06-30,867
2016-10-20,717
2019-01-14,635
2018-09-10,716
2021-10-03,688
2021-10-01,791
2021-10-27,599
2021-10-28,592
2010-07-05,1111
2010-07-11,1019
2010-08-18,1129
2015-04-16,688
2018-11-16,733
2019-02-19,612
2019-03-16,766
2019-04-01,794
2019-05-06,792
2010-09-30,1001
2013-10-24,766
2015-09-15,813
2015-10-30,776
2015-12-23,754
2011-04-20,880
2011-05-05,1078
2014-07-22,834
2014-08-19,776
2014-10-22,727
2014-10-02,805
2016-01-19,610
2016-01-06,628
2016-02-22,639
2016-03-01,817
2016-03-13,628
2016-06-21,825
2011-09-24,949
2017-01-20,783
2017-01-24,736
2017-01-27,784
2016-10-22,773
2019-06-25,784
2009-01-30,1034
2011-10-20,888
2012-04-09,918
2019-07-18,760
2019-07-26,816
2019-12-23,690
2020-06-03,623
2017-04-22,701
2017-05-05,799
2017-06-21,786
2009-04-05,857
2012-06-03,991
2016-02-17,641
2020-07-26,659
2021-01-19,521
2016-09-13,786
2021-02-17,434
2009-06-03,1135
2009-06-12,1304
2018-03-17,777
2012-11-05,891
2012-05-12,932
2017-10-27,819
2017-07-21,758
2017-08-12,813
2017-10-09,746
2018-01-10,720
2018-02-08,557
2019-03-29,675
2009-12-27,757
2009-11-10,1099
2012-12-05,861
2013-03-07,831
2013-05-07,909
2017-12-18,727
2021-05-19,583
2021-05-27,504
2021-05-31,544
2021-06-14,647
2021-07-17,620
2015-06-21,783
2015-05-18,758
2010-03-22,966
2010-01-17,903
2010-05-17,1032
2013-07-13,947
2013-08-04,922
2013-08-10,1019
2013-09-06,897
2013-07-01,1079
2018-07-26,801
2019-01-29,494
2018-10-10,724
2018-07-01,984
2021-11-03,586
2010-08-04,1049
2018-12-03,771
2019-02-16,677
2019-03-01,756
2015-03-21,689
2010-09-25,1096
2010-12-16,860
2013-04-01,953
2014-04-03,716
2014-04-29,788
2014-01-10,635
2014-01-17,746
2015-09-25,811
2015-10-07,718
2015-11-22,520
2015-08-26,792
2015-08-28,806
2015-12-30,603
2011-04-28,963
2011-04-03,947
2011-09-11,965
2014-07-12,810
2016-04-20,690
2011-06-30,1034
2011-11-26,878
2014-09-26,879
2018-06-20,892
2019-09-07,737
2012-04-19,961
2012-04-24,896
2020-02-15,596
2016-12-07,660
2017-05-29,768
2009-03-12,1151
2009-05-06,1113
2009-05-13,1140
2012-03-06,938
2012-03-23,976
2012-08-19,940
2020-09-21,567
2021-01-09,494
2009-08-11,1256
2012-08-02,1019
2012-03-18,919
2012-08-13,868
2012-11-15,947
2012-12-06,876
2012-08-23,1031
2012-09-21,998
2019-05-14,720
2017-07-27,790
2017-08-02,774
2017-09-11,691
2017-10-23,740
2018-01-24,613
2018-01-25,641
2019-01-22,626
2019-06-03,706
2020-10-24,554
2020-11-13,533
2009-10-09,1081
2009-12-08,964
2013-03-14,843
2018-08-15,799
2015-03-13,814
2021-04-14,467
2021-04-15,515
2021-04-12,527
2021-05-01,688
2020-09-28,547
2021-07-22,601
2019-09-30,753
2010-01-24,829
2013-06-13,916
2019-07-09,743
2018-07-12,798
2018-10-04,698
2018-10-23,736
2018-10-25,721
2020-03-01,744
2021-12-14,564
2010-08-02,1062
2010-03-01,1138
2010-09-11,970
2010-09-24,1150
2011-02-04,670
2011-02-21,705
2010-11-19,1095
2013-10-23,751
2014-04-30,798
2013-12-11,650
2013-12-21,784
2014-02-12,606
2015-10-28,682
2015-07-20,778
2015-08-27,764
2019-06-20,733
2015-06-15,739
2011-06-03,1113
2014-07-06,873
2014-09-06,814
2014-05-09,863
2014-06-07,869
2016-01-23,722
2016-07-25,827
2016-07-20,825
2015-05-21,745
2015-04-24,761
2011-07-16,1103
2011-08-22,1021
2011-11-09,894
2015-01-28,647
2019-09-01,890
2019-07-01,909
2020-08-24,637
2019-12-11,606
2016-09-11,758
2016-05-09,732
2017-02-04,638
2010-04-21,1004
2011-12-23,923
2011-10-05,966
2012-01-21,717
2012-02-15,928
2015-02-23,572
2019-08-17,811
2019-10-01,881
2020-08-31,696
2020-12-25,400
2020-02-02,666
2017-04-16,687
2009-04-03,1179
2009-04-14,1060
2012-07-22,985
2019-06-21,779
2021-02-18,445
2009-06-20,1171
2009-04-06,934
2018-12-11,671
2012-10-09,892
2017-09-18,772
2020-09-01,672
2020-11-09,624
2020-11-25,485
2021-03-24,502
2009-07-13,1095
2009-10-12,985
2009-10-17,1025
2009-11-30,1016
2009-12-17,1002
2012-01-08,800
2013-01-22,693
2013-05-16,973
2017-12-20,704
2018-03-08,660
2014-10-27,812
2015-03-12,752
2021-05-09,525
2010-02-03,943
2010-02-13,876
2010-04-01,1263
2010-01-09,821
2010-04-30,1157
2013-07-28,859
2013-09-07,921
2018-05-22,797
2018-06-09,816
2018-06-10,731
2018-07-18,840
2018-10-03,676
2018-10-24,805
2021-09-08,577
2021-09-25,635
2021-10-15,625
2021-12-30,549
2010-10-23,1001
2010-08-07,1102
2010-08-22,1042
2019-06-13,701
2018-11-28,715
2019-03-24,648
2019-04-15,724
2011-01-25,914
2011-01-20,818
2010-12-01,948
2013-10-27,750
2014-03-23,648
2014-03-26,724
2014-04-23,738
2015-09-08,717
2015-10-02,799
2015-10-26,781
2015-07-12,801
2015-12-10,691
2011-05-27,1032
2011-06-06,1071
2011-03-08,916
2011-09-13,1029
2014-08-10,855
2014-10-13,705
2014-11-15,749
2016-02-06,696
2011-07-07,1073
2011-11-08,871
2014-12-12,727
2014-12-21,650
2015-01-24,756
2016-10-29,831
2016-10-31,867
2011-12-27,786
2012-04-16,931
2012-04-22,824
2012-04-17,959
2012-05-05,950
2012-05-08,1025
2012-05-09,977
2012-01-27,933
2012-01-24,898
2019-02-18,590
2017-01-13,800
2017-05-21,791
2017-05-23,739
2009-02-27,1051
2009-03-21,1111
2009-01-08,956
2009-04-18,1083
2009-03-11,1132
2009-05-04,1088
2012-05-23,1072
2012-05-25,1083
2012-06-08,1114
2012-06-14,979
2020-02-29,588
2020-09-26,630
2018-01-01,964
2020-07-25,650
2021-01-30,460
2020-06-01,920
2012-11-10,977
2017-07-15,889
2017-08-18,859
2017-08-20,776
2017-08-24,801
2017-09-07,728
2009-07-24,1214
2009-10-05,1056
2015-04-01,929
2009-12-10,803
2013-03-09,839
2013-03-19,771
2012-10-26,963
2013-04-28,794
2018-08-23,728
2019-05-30,746
2021-05-03,552
2020-07-01,699
2021-08-17,579
2021-08-26,582
2021-08-29,649
2020-04-08,444
2010-02-12,891
2010-03-14,896
2010-03-24,1145
2013-05-23,840
2013-12-04,867
2018-06-11,749
2018-06-19,795
2018-06-26,795
2018-10-06,726
2018-10-09,746
2010-06-09,1129
2010-07-19,1042
2010-07-26,1056
2010-08-09,1098
2010-08-11,1099
2010-08-16,1116
2019-05-08,759
2011-01-11,846
2013-11-08,864
2014-03-30,737
2014-04-25,848
2011-02-03,524
2014-01-28,595
2017-06-24,819
2017-12-25,394
2015-10-19,788
2015-11-10,640
2019-04-25,767
2015-05-05,697
2020-03-24,424
2014-06-03,898
2016-04-01,826
2016-04-07,742
2016-07-22,792
2011-08-14,972
2011-10-28,1046
2011-11-01,1204
2011-12-03,876
2014-12-06,661
2015-01-03,648
2019-09-04,683
2020-12-19,531
2020-04-17,425
2016-06-09,727
2011-12-21,937
2011-10-14,1022
2012-04-30,869
2019-11-22,727
2012-02-18,763
2020-05-13,521
2019-12-16,624
2020-01-14,662
2020-01-18,562
2020-12-28,528
2020-01-20,619
2017-02-22,703
2009-03-14,1112
2009-01-03,1108
2012-03-26,831
2012-06-16,1062
2012-07-10,1054
2020-09-23,638
2020-07-18,649
2020-08-01,695
2021-03-11,494
2009-05-14,1175
2009-03-24,1248
2012-08-08,974
2017-10-25,714
2017-11-12,666
2018-01-08,621
2020-11-16,518
2009-10-06,1088
2009-11-18,1043
2009-12-16,958
2013-03-30,869
2018-04-09,661
2018-04-29,725
2018-04-27,773
2015-03-08,625
2021-07-05,671
2021-07-23,628
2010-02-04,950
2010-02-17,926
2010-03-05,1112
2010-03-31,1062
2009-05-05,1198
2010-03-30,1052
2010-01-10,783
2009-03-31,980
2013-06-19,900
2013-07-11,885
2013-08-24,941
2013-01-16,831
2013-09-22,757
2013-10-05,852
2018-09-11,692
2021-11-30,563
2010-05-12,1109
2019-03-10,612
2019-03-09,617
2019-04-23,743
2011-01-07,937
2013-10-11,871
2013-10-12,821
2014-02-22,647
2014-03-24,697
2014-05-01,880
2014-02-03,677
2010-01-01,1456
2015-11-07,691
2015-10-31,721
2015-07-18,776
2015-08-20,839
2016-01-02,576
2015-03-20,777
2011-03-13,777
2011-03-14,918
2020-04-16,405
2014-07-30,794
2014-11-09,685
2016-02-01,853
2016-03-03,617
2016-04-28,732
2015-07-02,757
2011-08-17,1032
2011-10-31,1036
2015-01-10,647
2019-09-21,757
2016-09-07,723
2016-09-08,795
2017-02-10,745
2016-10-02,707
2016-08-01,882
2016-11-27,693
2019-11-12,547
2011-12-13,976
2012-02-16,870
2020-01-24,657
2020-06-04,529
2015-04-25,695
2017-03-28,673
2017-06-06,826
2009-03-28,1027
2015-07-03,768
2012-05-22,950
2020-03-13,676
2020-08-03,604
2021-01-03,515
2021-02-21,462
2021-02-28,563
2009-06-25,1084
2009-06-23,1230
2012-10-11,866
2012-11-20,925
2012-08-18,986
2017-11-14,700
2017-07-30,818
2017-09-03,757
2017-09-13,706
2017-10-17,719
2018-01-23,719
2020-10-30,619
2009-12-25,609
2009-10-01,1151
2009-10-07,1158
2009-11-28,989
2012-07-25,1012
2013-01-31,754
2018-03-03,664
2018-04-12,751
2018-03-19,660
2017-12-23,714
2017-12-29,574
2018-08-05,860
2018-05-21,714
2021-05-28,502
2021-06-21,597
2021-07-21,569
2010-03-04,988
2010-01-21,960
2013-06-22,922
2018-07-07,831
2021-12-31,594
2010-06-30,1140
2018-11-22,542
2019-04-07,703
2011-01-12,910
2010-11-28,892
2014-03-20,783
2014-04-01,924
2013-12-25,426
2015-10-25,728
2015-08-03,729
2015-07-26,802
2015-05-25,708
2015-12-09,685
2015-12-18,653
2011-04-10,1113
2011-04-25,931
2014-07-16,845
2014-10-31,824
2016-03-09,679
2016-03-25,717
2016-03-26,735
2016-08-11,852
2016-08-18,767
2015-07-05,898
2011-10-30,954
2015-04-23,731
2014-09-15,738
2013-04-24,907
2016-09-15,823
2017-02-02,671
2009-01-15,838
2017-11-30,751
2011-12-12,922
2012-01-19,748
2019-09-26,709
2019-12-27,693
2020-01-13,650
2017-04-08,696
2017-04-19,758
2017-05-19,776
2017-07-01,934
2009-02-12,1044
2009-02-21,841
2009-05-01,1355
2009-07-03,1155
2015-11-15,722
2013-01-12,763
2017-11-07,678
2020-11-01,687
2020-11-17,502
2020-12-09,527
2009-12-22,884
2010-01-03,760
2010-01-07,864
2009-09-30,996
2009-10-15,1088
2009-11-11,1086
2013-04-02,839
2012-12-02,842
2012-12-24,709
2013-01-04,866
2013-01-19,885
2013-04-19,847
2013-05-27,771
2020-12-12,502
2018-05-07,805
2021-04-18,453
2021-07-03,665
2021-08-25,560
2010-03-28,956
2015-06-24,728
2010-05-07,1113
2010-05-09,983
2013-06-17,1022
2013-07-03,879
2013-01-10,849
2013-08-03,973
2018-02-22,677
2021-09-26,616
2021-10-20,599
2021-11-07,636
2016-09-21,731
2021-11-20,603
2010-11-02,1044
2010-08-05,1119
2010-08-12,1042
2018-10-01,918
2018-11-26,561
2019-04-30,729
2014-03-21,802
2013-12-26,604
2014-01-07,467
2014-01-26,595
2015-10-22,774
2015-08-14,808
2016-01-10,597
2020-03-29,501
2011-04-30,977
2011-05-04,1025
2014-08-08,819
2014-09-02,799
2014-05-27,764
2014-10-17,868
2016-05-04,682
2011-08-15,1035
2011-11-21,932
2011-11-27,826
2015-01-30,714
2016-06-16,821
2016-09-18,781
2016-11-19,677
2011-12-22,880
2012-01-05,871
2012-01-07,863
2019-07-21,774
2019-07-28,833
2020-08-29,646
2019-10-06,670
2020-02-03,744
2016-10-15,823
2017-02-20,711
2017-02-17,832
2017-03-04,633
2017-03-08,667
2017-02-11,704
2017-02-13,718
2012-06-02,944
2015-09-13,734
2009-10-18,1003
2019-03-02,665
2021-02-05,481
2021-02-10,423
2009-05-30,1099
2009-08-13,1188
2009-05-20,1231
2009-09-19,1111
2018-10-14,702
2012-10-15,939
2012-09-09,910
2017-06-29,776
2009-11-17,1019
2019-06-30,804
2013-03-18,794
2013-05-04,913
2013-05-18,946
2018-03-21,689
2018-03-27,675
2018-08-02,854
2021-05-14,617
2021-05-18,553
2021-07-30,645
2010-05-05,1257
2010-05-19,1084
2010-05-20,1130
2013-06-12,830
2013-11-12,688
2013-11-15,934
2013-08-12,983
2013-08-20,962
2018-05-31,841
2018-06-25,854
2018-07-09,802
2018-07-20,823
2018-09-27,708
2018-10-07,718
2018-10-20,806
2021-09-05,668
2020-04-30,425
2021-09-09,605
2021-09-13,681
2021-10-24,485
2021-11-22,529
2021-12-22,471
2019-06-15,832
2019-03-13,688
2010-09-27,969
2011-02-22,855
2010-11-16,941
2010-11-30,891
2014-03-03,593
2014-04-04,811
2014-04-10,811
2013-12-10,635
2014-01-12,687
2015-09-06,818
2015-09-03,875
2015-08-17,741
2011-05-29,883
2011-06-13,1054
2011-03-26,862
2011-03-27,845
2014-07-19,868
2014-07-21,810
2014-08-31,830
2014-05-26,778
2014-05-28,801
2014-06-11,775
2016-07-08,790
2014-09-27,892
2020-05-01,579
2017-01-22,742
2017-01-29,634
2016-10-01,862
2016-10-09,682
2012-02-13,729
2020-01-28,681
2019-06-19,808
2016-11-28,693
2017-01-09,713
2017-06-08,769
2017-06-07,787
2012-07-07,1063
2020-02-25,517
2009-08-19,1218
2017-04-09,761
2012-08-29,955
2012-09-02,895
2012-09-16,897
2012-09-14,997
2013-02-08,816
2017-08-23,747
2015-12-14,739
2009-11-24,992
2013-03-28,833
2018-03-07,656
2018-03-01,831
2021-04-23,512
2021-05-16,562
2021-06-02,593
2010-03-06,982
2010-04-15,1256
2013-09-18,854
2019-01-06,664
2018-10-11,679
2018-10-21,644
2018-11-15,692
2021-11-06,629
2010-06-12,1000
2018-12-10,718
2010-09-26,974
2010-11-18,940
2014-04-14,689
2014-01-04,577
2019-05-09,737
2020-03-31,388
2011-04-22,894
2011-06-04,1101
2014-06-27,899
2014-08-05,825
2014-07-28,873
2014-07-23,861
2014-08-30,867
2014-02-10,620
2014-10-29,797
2016-03-14,684
2016-05-03,735
2015-03-30,719
2011-07-06,1087
2011-10-23,1042
2016-08-27,819
2016-09-17,834
2016-11-16,770
2009-01-25,853
2011-10-11,1026
2012-03-11,805
2012-05-10,916
2020-01-02,636
2017-02-28,631
2017-04-04,712
2009-02-18,1097
2009-04-30,1081
2012-06-04,980
2020-06-08,525
2019-08-24,818
2020-07-07,558
2020-08-08,666
2021-01-20,535
2009-03-23,1080
2009-09-24,1214
2009-06-29,1183
2012-10-02,907
2012-11-07,875
2017-08-04,924
2009-07-10,1245
2009-10-28,1079
2013-03-17,773
2013-03-21,759
2013-04-06,807
2013-05-19,850
2021-04-29,451
2021-05-17,595
2013-06-21,904
2013-08-30,933
2018-06-22,723
2010-07-07,1088
2010-04-26,1047
2010-10-07,1070
2010-08-21,1060
2019-04-03,680
2011-02-28,866
2010-11-13,947
2013-10-15,783
2013-10-22,750
2014-02-26,662
2014-03-31,736
2015-09-22,777
2016-01-07,707
2019-11-11,494
2011-05-30,1005
2014-06-28,853
2014-10-19,744
2016-01-16,652
2016-03-07,795
2016-07-04,848
2016-08-10,722
2019-11-19,687
2014-11-24,592
2014-11-26,677
2014-12-09,652
2014-10-09,686
2016-09-03,830
2016-09-25,809
2016-10-05,805
2016-10-13,693
2016-10-24,770
2016-10-28,802
2016-11-10,723
2009-02-09,1045
2019-11-02,664
2011-12-25,518
2012-01-29,813
2020-06-02,678
2020-02-07,694
2017-02-26,576
2017-03-11,659
2017-03-19,605
2017-03-29,669
2017-04-11,703
2019-04-11,746
2017-07-05,859
2009-03-10,1108
2009-04-16,1145
2019-07-02,769
2020-03-05,589
2020-09-07,605
2020-10-23,582
2012-07-30,999
2012-09-28,983
2012-11-06,786
2017-08-11,765
2017-06-01,895
2019-10-19,717
2021-03-30,529
2015-06-11,804
2013-06-06,960
2018-03-10,684
2017-12-22,784
2018-08-11,860
2018-05-19,759
2010-02-10,825
2010-03-09,1111
2013-07-02,880
2013-04-04,934
2018-10-19,766
2018-11-04,685
2021-08-10,527
2021-11-24,590
2021-12-28,452
2010-07-10,1072
2010-07-20,1129
2010-09-02,1022
2010-10-06,1123
2010-08-19,1153
2010-08-27,1134
2011-02-26,856
2014-02-27,613
2014-03-14,827
2014-04-02,725
2014-01-21,590
2015-12-03,710
2015-04-27,721
2011-05-17,1040
2011-05-26,949
2011-06-02,1178
2011-03-31,959
2020-11-06,665
2014-09-03,723
2016-01-17,537
2016-01-04,626
2016-02-26,740
2016-03-15,713
2016-08-05,862
2011-07-22,1128
2011-07-31,1049
2011-08-04,1146
2015-01-20,793
2014-09-14,760
2019-11-17,701
2016-10-04,743
2009-02-10,1126
2015-05-17,836
2011-05-12,1045
2019-06-05,790
2020-05-05,441
2019-07-29,815
2019-11-13,578
2020-01-26,606
2016-12-28,722
2017-01-17,705
2016-10-18,774
2017-06-16,835
2009-02-19,993
2009-02-22,809
2020-04-04,449
2012-04-07,975
2012-07-05,1010
2021-01-08,588
2021-02-09,438
2009-05-25,968
2009-05-31,1029
2009-06-15,1097
2009-09-20,1067
2012-10-24,1019
2012-10-22,839
2017-09-04,716
2018-01-31,708
2020-11-23,539
2015-10-29,669
2009-07-15,1176
2013-03-11,824
2013-02-06,826
2013-05-14,906
2018-02-13,645
2018-02-15,698
2018-08-24,790
2014-11-16,675
2021-03-12,533
2010-03-11,1110
2009-12-21,918
2013-06-14,1009
2013-11-29,807
2013-09-09,868
2020-08-11,595
2018-09-14,869
2018-10-30,766
2021-09-14,637
2010-06-06,970
2010-07-31,1002
2010-07-30,1061
2015-07-07,701
2020-08-12,604
2019-03-05,542
2011-01-31,794
2011-02-08,718
2011-02-15,920
2013-10-10,856
2015-10-03,709
2015-08-22,845
2015-06-06,758
2014-07-15,817
2016-02-20,702
2016-03-08,723
2016-03-04,704
2016-04-18,738
2016-07-07,790
2016-07-31,813
2019-06-22,825
2011-09-21,978
2011-11-12,998
2014-12-01,814
2014-11-22,728
2015-01-26,656
2019-12-10,675
2020-08-25,640
2016-09-05,822
2016-05-07,742
2017-01-23,789
2016-10-25,736
2012-01-16,826
2011-10-03,940
2012-04-26,925
2019-07-13,893
2020-09-02,579
2016-12-30,742
2015-05-11,749
2017-02-23,655
2017-03-14,474
2015-04-30,666
2017-04-28,832
2009-03-04,1123
2009-03-05,1162
2009-03-03,1037
2009-01-07,982
2015-06-17,722
2020-02-19,581
2020-12-29,428
2020-09-24,573
2020-05-24,566
2020-07-10,671
2021-02-27,566
2009-09-15,1180
2018-12-25,449
2012-11-04,731
2012-11-09,1001
2012-09-05,861
2013-02-10,762
2017-10-28,717
2020-03-16,531
2018-01-20,731
2018-01-05,664
2020-11-22,511
2010-07-28,1098
2009-09-29,1090
2009-10-20,1173
2009-11-16,998
2012-12-04,917
2018-02-17,605
2018-02-27,691
2021-08-07,607
2010-03-02,970
2013-06-18,930
2013-04-20,804
2013-09-15,835
2018-06-07,767
2018-05-30,847
2018-07-23,847
2018-11-02,786
2021-11-26,540
2015-03-29,619
2020-03-26,425
2019-04-18,628
2019-05-07,700
2010-12-04,858
2010-12-11,811
2013-10-26,745
2014-03-01,737
2015-09-17,717
2015-11-04,791
2015-08-19,793
2020-12-14,551
2014-07-11,943
2013-09-02,928
2014-05-18,859
2014-05-13,813
2016-02-21,707
2016-03-16,745
2016-07-19,791
2016-07-30,927
2011-07-03,983
2011-07-13,1118
2020-12-17,518
2014-07-02,819
2019-09-05,649
2015-09-24,718
2016-06-19,811
2016-10-30,786
2016-11-03,783
2016-11-07,738
2016-10-26,699
2016-11-22,722
2009-01-12,906
2012-04-14,944
2012-04-29,803
2012-01-28,808
2019-12-13,731
2019-12-21,747
2019-10-12,733
2019-11-01,857
2020-01-07,628
2020-05-25,645
2020-02-06,555
2017-03-17,709
2009-04-04,1071
2012-06-22,1120
2015-06-19,774
2020-03-09,573
2021-01-22,519
2021-02-02,503
2021-02-04,434
2012-09-06,1018
2018-01-26,763
2018-02-12,572
2010-01-08,931
2009-11-29,881
2013-01-18,928
2013-04-17,719
2012-02-25,792
2018-09-05,717
2018-05-09,792
2012-11-16,941
2021-05-29,566
2021-06-16,589
2021-07-31,783
2013-08-08,911
2018-11-13,609
2021-12-23,528
2021-11-09,625
2010-10-27,1027
2019-03-06,629
2010-10-05,1046
2011-01-06,889
2011-01-08,837
2011-02-01,700
2013-10-19,778
2014-02-18,633
2013-12-09,630
2011-05-01,1150
2011-05-13,1174
2011-09-06,942
2014-10-21,777
2016-03-21,699
2016-03-29,739
2014-12-03,750
2016-10-17,817
2016-12-04,595
2011-12-24,734
2012-01-10,899
2012-02-29,875
2019-08-05,809
2019-11-29,649
2017-02-19,674
2017-04-18,735
2017-06-17,827
2009-02-25,1157
2012-03-31,878
2012-08-11,994
2012-07-24,967
2009-05-23,1088
2009-08-03,1122
2009-06-28,1119
2015-08-02,822
2017-09-22,798
2012-11-27,809
2012-08-16,937
2018-02-03,630
2021-04-05,528
2013-01-14,745
2018-04-05,672
2018-04-13,781
2017-11-26,665
2018-08-21,722
2021-08-14,610
2010-03-20,876
2018-07-03,826
2018-12-15,744
2019-01-21,556
2019-01-23,662
2018-10-08,743
2018-10-29,723
2021-12-05,551
2010-10-15,1160
2010-10-31,1005
2010-07-06,1076
2010-09-04,988
2018-12-02,711
2011-02-09,762
2013-10-31,921
2014-03-11,698
2014-04-05,752
2014-04-20,690
2015-02-02,473
2015-11-14,696
2015-04-13,735
2019-10-26,559
2011-05-07,973
2011-05-31,1091
2011-03-20,806
2011-03-21,985
2016-03-10,716
2011-11-03,861
2011-11-24,711
2019-12-08,671
2016-09-22,831
2016-11-21,683
2009-01-20,1027
2011-12-28,852
2011-12-30,898
2011-10-10,896
2011-12-20,980
2019-08-18,759
2019-09-19,789
2020-09-09,543
2016-12-12,629
2017-03-15,607
2017-05-17,835
2017-05-04,741
2009-03-01,997
2009-01-05,1005
2009-01-06,977
2020-10-12,575
2021-01-27,516
2021-02-22,493
2009-05-21,1177
2009-06-26,1219
2012-09-26,934
2012-09-03,890
2021-03-20,489
2009-09-27,1063
2012-12-17,829
2018-02-18,587
2018-04-20,803
2018-08-07,785
2018-08-29,751
2021-06-04,599
2021-06-27,685
2010-04-24,1019
2009-12-30,924
2013-06-27,875
2013-07-23,925
2013-07-24,964
2013-11-10,754
2013-11-16,763
2013-08-07,940
2013-08-14,882
2019-02-06,636
2021-11-04,573
2010-07-04,999
2019-05-17,775
2010-10-21,1066
2013-10-13,779
2014-01-01,1214
2019-05-21,728
2011-05-09,1057
2011-06-05,1032
2011-09-09,1076
2014-05-10,817
2016-01-26,640
2016-03-17,738
2016-03-31,754
2011-07-15,1189
2011-11-05,905
2011-11-13,934
2015-01-29,704
2014-10-04,723
2016-10-19,712
2009-01-16,929
2011-10-07,1055
2019-10-15,744
2020-09-05,672
2017-03-16,668
2017-05-20,664
2017-07-03,864
2009-05-11,1153
2012-07-17,1004
2020-06-07,555
2020-03-08,639
2009-09-25,1214
2020-04-07,458
2012-11-25,813
2013-02-27,826
2017-07-31,794
2015-06-13,813
2017-09-12,726
2017-09-24,811
2017-09-25,821
2019-06-09,805
2015-07-17,825
2009-11-03,1072
2009-11-19,1038
2009-02-14,1068
2013-02-01,890
2018-05-15,743
2015-03-09,726
2021-08-01,733
2013-07-16,907
2013-11-24,640
2013-09-03,873
2018-07-05,841
2018-09-13,687
2018-11-06,763
2018-11-17,671
2021-11-16,590
2010-07-16,1144
2015-07-11,798
2019-03-27,698
2019-03-22,709
2010-12-13,730
2010-12-21,815
2013-12-13,799
2015-09-21,735
2020-03-30,450
2014-07-03,886
2014-05-25,824
2014-05-23,807
2016-02-12,647
2016-03-18,791
2016-04-14,691
2011-09-19,989
2011-09-25,910
2011-07-02,1131
2011-08-27,1050
2011-12-04,884
2015-01-07,474
2009-01-10,863
2011-12-17,816
2019-12-14,682
2019-12-20,726
2019-12-04,746
2020-09-03,575
2020-02-10,630
2016-12-23,729
2017-01-08,591
2021-03-09,585
2020-10-16,570
2015-07-04,845
2012-10-17,956
2017-10-29,696
2017-08-08,768
2020-10-29,580
2009-10-02,1054
2009-11-08,1077
2009-11-15,1035
2013-03-06,724
2013-01-09,884
2013-05-30,947
2018-03-14,665
2021-04-27,609
2010-03-03,962
2019-01-20,493
2021-09-06,626
2021-11-11,563
2015-06-25,784
2010-10-24,948
2018-11-23,751
2019-05-11,696
2010-12-31,832
2010-12-06,774
2014-03-05,637
2014-03-15,844
2011-04-14,1028
2011-05-23,1053
2014-07-27,890
2014-09-04,749
2016-01-21,634
2016-02-02,614
2016-06-10,765
2016-06-29,804
2011-07-30,1076
2014-10-24,879
2011-11-29,892
2014-12-13,768
2015-01-18,698
2014-10-03,779
2019-11-28,508
2016-09-06,761
2009-01-29,944
2009-01-24,894
2012-02-07,858
2017-06-19,745
2017-06-22,818
2012-03-12,912
2020-07-13,666
2020-03-03,637
2021-02-14,403
2020-10-19,529
2009-06-06,1034
2018-03-30,704
2012-10-27,861
2013-02-17,692
2019-06-11,777
2009-12-07,901
2013-05-08,965
2013-03-15,878
2018-02-25,657
2018-03-04,649
2018-03-23,752
2018-04-24,713
2018-08-14,829
2015-03-14,798
2015-02-03,512
2012-12-10,853
2021-06-26,564
2010-01-30,873
2013-06-25,913
2013-07-08,884
2018-06-17,828
2019-01-05,792
2021-10-10,635
2021-12-27,507
2010-10-16,1010
2018-11-24,697
2019-10-23,700
2019-02-26,609
2019-03-03,551
2010-11-03,972
2010-12-02,974
2013-09-24,921
2013-08-06,905
2015-06-12,828
2015-12-04,700
2015-12-25,498
2011-01-27,842
2011-02-05,705
2014-06-20,887
2014-05-21,834
2014-05-24,759
2014-11-13,662
2016-02-27,692
2015-04-11,720
2017-08-07,773
2011-11-25,934
2015-01-11,650
2017-08-01,961
2019-07-25,800
2017-01-30,757
2017-02-09,668
2016-09-26,764
2016-11-01,910
2012-02-09,829
2015-02-19,463
2012-06-27,1047
2020-05-14,468
2019-10-10,647
2020-05-18,501
2015-10-01,889
2017-04-13,665
2017-06-25,796
2020-08-05,574
2019-07-04,799
2018-01-11,701
2021-03-28,540
2015-07-16,673
2009-11-05,1078
2013-03-16,827
2018-02-21,640
2013-09-26,856
2016-04-23,694
2010-04-13,1030
2018-06-13,751
2015-04-09,648
2021-10-25,576
2021-10-26,628
2021-12-08,601
2010-06-14,1110
2010-06-08,1014
2010-08-30,1132
2018-12-24,610
2010-11-07,946
2010-11-24,947
2014-01-15,745
2015-10-06,752
2015-08-08,849
2015-12-15,793
2011-04-17,913
2014-06-24,862
2016-07-10,760
2020-08-22,643
2016-11-14,670
2009-01-13,883
2009-02-02,987
2011-12-18,832
2012-04-18,879
2012-05-04,1031
2012-02-23,817
2019-07-27,826
2019-12-02,709
2017-04-03,697
2017-05-24,762
2012-03-21,1076
2020-02-20,603
2020-09-17,535
2021-03-07,489
2020-10-26,545
2018-01-06,586
2018-01-14,564
2010-01-06,887
2013-04-11,813
2018-04-25,750
2017-12-07,625
2019-10-20,720
2021-04-30,599
2010-02-24,910
2015-04-02,794
2010-01-18,909
2013-07-22,1002
2013-12-07,649
2010-06-21,1144
2010-07-03,1006
2014-02-28,701
2015-12-05,707
2011-03-18,1104
2011-09-02,1090
2014-10-30,779
2016-02-07,617
2016-04-21,714
2016-08-04,793
2019-05-25,875
2011-11-10,865
2014-12-31,585
2019-11-07,663
2019-12-09,705
2016-05-20,805
2019-06-06,741
2011-12-31,793
2019-09-27,668
2015-10-27,651
2020-04-21,419
2020-05-26,579
2017-03-21,650
2017-03-24,779
2017-05-08,705
2009-03-27,1093
2009-04-29,1147
2019-11-06,661
2012-03-15,1000
2012-03-19,979
2012-08-09,936
2012-05-30,985
2020-06-28,625
2021-02-03,499
2020-10-27,518
2009-09-06,1105
2012-10-10,962
2012-10-31,951
2017-07-16,812
2017-07-28,851
2017-08-09,769
2018-01-15,531
2017-12-11,740
2020-11-10,598
2010-01-28,895
2009-11-12,1079
2009-11-23,1021
2013-04-08,896
2012-12-19,877
2013-01-24,863
2013-04-29,905
2021-06-22,633
2021-08-24,554
2021-09-02,549
2021-10-04,621
2010-08-06,1154
2010-10-02,905
2011-02-17,980
2013-10-14,783
2015-06-29,752
2011-05-15,918
2014-07-05,898
2016-01-30,743
2016-03-20,685
2016-06-26,775
2016-06-02,800
2011-08-08,924
2019-09-12,785
2020-01-08,647
2020-01-16,675
2017-03-18,674
2017-04-15,817
2012-03-07,950
2012-07-28,1044
2021-03-10,552
2009-06-11,1007
2012-10-06,807
2012-09-12,936
2017-09-05,704
2021-04-09,529
2009-11-07,1092
2013-03-26,775
2012-12-14,955
2021-05-15,606
2013-07-30,891
2013-10-08,801
2018-07-04,829
2018-07-30,782
2019-01-09,631
2018-09-12,714
2010-07-21,1085
2019-04-24,702
2015-06-14,795
2010-06-16,1093
2010-12-03,929
2010-12-09,854
2014-02-01,789
2015-11-02,785
2015-07-15,796
2015-12-02,716
2011-04-08,1028
2014-06-12,822
2014-06-14,843
2014-06-18,771
2016-02-13,597
2016-07-03,782
2014-12-30,571
2014-09-22,769
2020-04-29,424
2014-05-06,825
2020-05-04,438
2020-02-01,809
2020-01-03,697
2017-04-23,703
2009-03-06,1267
2015-03-10,754
2020-02-13,548
2019-12-01,724
2021-01-05,539
2020-10-09,656
2020-12-03,475
2009-08-28,1152
2012-09-04,914
2018-01-21,718
2009-12-04,997
2013-01-25,824
2013-05-06,878
2018-03-02,692
2021-04-22,491
2021-07-10,615
2018-07-10,810
2018-02-10,534
2018-09-24,796
2021-11-08,652
2010-08-26,1140
2019-02-25,597
2019-04-02,657
2010-09-10,1121
2010-10-03,886
2010-12-28,813
2011-01-13,937
2010-11-27,854
2014-02-24,635
2015-11-03,749
2011-03-25,1022
2014-05-11,744
2016-04-30,605
2011-07-21,1011
2011-08-10,1017
2014-11-23,688
2016-08-28,805
2015-03-26,684
2016-12-20,693
2017-02-24,660
2009-04-26,1018
2012-03-27,868
2020-06-16,553
2020-07-11,627
2019-11-14,578
2012-11-28,858
2012-07-26,976
2017-09-02,772
2017-09-20,827
2009-12-12,968
2013-03-27,775
2012-12-21,779
2017-12-17,729
2011-04-21,892
2015-03-05,612
2021-05-23,649
2021-06-07,648
2010-01-29,862
2013-06-11,857
2013-11-05,828
2021-10-23,645
2010-11-04,963
2010-12-07,887
2013-10-30,831
2014-03-02,551
2014-06-21,865
2015-11-18,683
2015-01-05,523
2015-12-11,742
2011-04-26,947
2014-11-06,669
2016-01-25,744
2011-07-18,1051
2011-08-06,1107
2011-11-22,853
2016-11-18,794
2011-10-17,918
2012-02-26,727
2019-07-20,827
2019-08-04,842
2019-08-06,784
2017-01-06,601
2017-03-27,722
2017-03-26,702
2017-06-13,809
2009-03-09,1035
2012-04-02,828
2020-06-19,603
2009-06-19,1077
2009-06-27,1273
2012-11-02,932
2017-11-21,673
2017-10-06,748
2020-10-21,582
2009-11-22,988
2009-07-23,1136
2013-05-05,827
2018-03-11,619
2018-04-21,677
2017-12-03,676
2018-05-24,820
2018-05-25,805
2021-06-25,542
2015-05-23,798
2013-06-24,825
2021-12-04,596
2021-12-02,624
2021-12-13,601
2010-06-18,1082
2010-10-18,1033
2015-10-10,729
2019-06-18,716
2011-08-07,929
2016-05-22,750
2016-06-12,852
2016-06-28,767
2009-01-11,825
2012-02-17,986
2019-08-25,767
2019-10-04,715
2019-10-07,746
2020-01-23,592
2015-07-10,739
2012-06-24,1077
2012-08-05,962
2012-10-20,962
2012-11-29,916
2013-02-24,677
2017-07-10,779
2011-04-19,777
2019-11-09,710
2009-12-05,912
2009-12-31,816
2012-12-28,855
2013-01-28,907
2018-02-23,671
2021-07-24,608
2010-04-09,1074
2013-09-14,829
2018-10-28,717
2021-10-05,632
2021-10-08,634
2010-10-17,979
2010-08-25,1071
2018-12-27,628
2010-12-08,803
2014-01-06,367
2020-02-22,685
2016-03-28,741
2016-05-02,757
2020-03-23,395
2011-06-26,1097
2016-09-28,634
2011-09-30,1022
2012-01-06,914
2015-02-21,652
2019-07-15,822
2019-10-02,730
2017-04-21,815
2017-05-13,724
2012-07-16,988
2020-06-14,538
2020-09-29,518
2020-07-08,555
2020-10-03,605
2009-06-13,1082
2009-08-22,1012
2012-08-20,893
2017-11-06,717
2017-10-18,774
2018-01-19,709
2015-04-12,773
2009-09-07,1028
2009-10-13,1150
2013-03-25,758
2013-01-05,788
2013-02-03,593
2013-06-01,1084
2018-03-25,677
2018-05-01,1011
2018-09-08,790
2018-09-09,665
2013-09-05,928
2021-05-21,622
2010-02-02,890
2013-07-20,918
2013-08-19,939
2013-10-02,869
2021-12-15,619
2010-05-31,811
2018-10-22,716
2013-08-16,925
2014-01-25,678
2015-08-09,745
2014-11-03,774
2014-11-30,722
2015-02-11,606
2017-01-07,618
2017-03-02,629
2017-03-06,683
2009-09-01,1265
2020-08-16,670
2009-09-08,1093
2015-02-28,545
2021-06-10,623
2010-02-05,966
2010-04-11,957
2013-07-31,843
2013-08-21,864
2019-01-30,341
2021-09-01,704
2010-05-27,1091
2011-02-06,653
2014-01-13,761
2015-09-26,792
2015-10-16,734
2015-08-05,772
2015-08-25,767
2014-05-29,776
2014-05-31,848
2014-11-05,744
2016-02-09,545
2016-04-22,731
2019-05-24,847
2011-09-23,1014
2011-07-12,1089
2011-10-22,1010
2015-01-25,646
2016-05-08,729
2016-12-02,835
2011-12-11,836
2020-02-16,619
2017-02-18,748
2012-06-18,1068
2020-06-13,505
2020-03-11,591
2009-03-17,1263
2013-02-16,691
2017-07-19,769
2019-10-18,704
2018-01-07,533
2009-11-27,947
2009-10-27,1106
2013-04-09,825
2018-02-14,661
2018-05-11,729
2021-08-20,600
2010-02-28,843
2013-08-09,987
2018-06-03,835
2019-01-02,655
2021-09-28,661
2019-03-15,735
2019-04-06,743
2010-09-06,1055
2010-11-12,1057
2010-11-25,666
2013-11-06,785
2014-03-29,771
2015-11-21,528
2014-08-24,856
2016-07-05,895
2020-04-01,529
2014-11-01,909
2014-09-21,791
2019-09-14,764
2016-05-21,792
2016-06-08,744
2017-02-03,670
2011-10-06,971
2016-12-19,660
2017-06-30,778
2009-08-18,1308
2020-08-18,620
2017-08-15,795
2015-05-16,882
2010-01-26,987
2018-03-05,665
2017-12-02,758
2021-06-12,601
2021-06-20,700
2010-03-29,974
2010-01-19,1039
2013-07-19,904
2018-07-14,788
2018-07-24,798
2019-09-03,680
2019-08-08,820
2019-05-18,757
2011-03-06,723
2014-02-05,560
2011-04-12,969
2011-04-06,1029
2014-08-03,846
2014-06-01,1038
2016-08-08,804
2011-09-27,948
2011-11-16,884
2015-01-17,741
2019-12-05,700
2016-05-25,721
2016-05-27,800
2015-06-26,784
2020-04-18,464
2015-02-24,628
2019-07-14,790
2012-02-27,818
2012-02-05,744
2015-05-19,708
2012-11-26,799
2017-07-26,752
2013-01-27,705
2013-01-29,906
2013-02-07,753
2018-02-19,624
2018-04-02,674
2018-08-19,793
2018-04-23,716
2010-03-27,1094
2013-07-12,947
2013-12-01,877
2019-02-04,736
2019-02-08,642
2010-08-28,1040
2019-01-18,668
2019-03-18,651
2020-03-17,576
2011-04-24,848
2020-04-11,448
2014-05-19,787
2016-02-05,660
2016-04-04,660
2011-08-05,1146
2014-11-20,633
2015-04-20,743
2015-01-23,800
2013-06-10,888
2019-12-24,624
2020-09-14,589
2009-07-31,1139
2017-08-29,724
2017-10-21,814
2009-11-20,1188
2009-12-06,903
2013-03-10,694
2017-12-21,747
2018-05-20,764
2010-05-06,1104
2013-09-04,839
2021-09-30,608
2021-11-05,567
2010-08-24,1117
2015-06-03,778
2019-03-19,644
2019-03-30,663
2014-03-10,815
2019-06-04,772
2016-08-19,793
2019-10-29,635
2017-02-25,599
2009-04-10,1078
2015-04-19,703
2012-03-09,958
2012-04-01,999
2020-03-07,589
2012-09-30,869
2009-06-30,1214
2009-12-09,908
2013-03-22,864
2018-03-22,670
2021-06-08,676
2015-04-18,769
2010-05-11,999
2013-09-17,838
2018-09-19,762
2018-09-28,793
2021-08-12,525
2010-11-21,913
2014-04-07,762
2014-02-09,648
2010-11-26,868
2014-08-22,816
2016-03-30,716
2016-08-09,725
2020-04-09,428
2020-04-20,503
2016-09-30,772
2019-02-24,547
2010-05-30,976
2019-11-04,672
2012-05-20,956
2012-07-18,977
2020-01-09,632
2021-01-24,508
2015-05-15,822
2012-11-08,853
2021-07-01,684
2021-08-09,565
2018-11-10,651
2019-03-11,700
2019-04-17,692
2019-05-12,631
2015-05-20,730
2019-04-16,708
2019-04-22,737
2019-05-05,779
2019-04-14,536
2019-05-02,699
2019-05-19,774
2019-03-20,693
2019-04-04,663
2015-05-04,779
2011-01-18,884
2011-04-27,988
2011-06-12,1006
2014-06-15,883
2016-08-03,772
2016-08-06,828
2011-08-20,1083
2014-11-19,633
2014-11-27,453
2015-01-14,675
2014-09-12,719
2020-04-27,399
2009-02-07,1065
2020-08-26,652
2019-08-21,722
2019-10-11,728
2017-06-23,778
2012-03-22,979
2020-09-25,680
2009-09-13,1039
2017-07-17,847
2017-09-21,807
2015-07-24,867
2009-07-16,1190
2009-12-01,1225
2013-03-08,880
2013-03-24,789
2018-08-30,821
2021-08-08,619
2013-07-29,891
2013-09-19,852
2010-09-07,1128
2010-11-17,928
2018-08-26,792
2016-06-25,813
2020-08-04,541
2016-01-24,675
2013-08-13,900
2016-09-14,820
2019-07-12,788
2009-08-29,1108
2018-03-26,696
2017-12-01,918
2016-11-24,534
2015-04-05,673
2021-12-03,671
2020-06-10,500
2021-05-04,477
2009-02-11,1036
2016-12-27,663
2018-08-31,833
2017-10-14,647
2013-07-18,920
2014-07-09,854
2009-06-16,993
2012-12-15,858
2012-12-27,684
2018-06-21,667
2013-10-21,779
2014-07-17,808
2010-01-02,793
2015-08-23,806
2015-12-19,666
2015-08-13,784
2009-07-01,1324
2018-12-16,751
2012-05-06,844
2013-08-01,1031
2013-12-31,561
2017-07-07,758
2020-07-27,620
2013-10-28,840
2016-09-01,1037
2019-08-07,779
2012-02-20,716
2010-10-11,1019
2020-07-30,605
2009-10-22,1068
2012-12-31,740
2013-07-06,887
2014-05-17,803
2016-04-11,676
2014-06-22,867
2016-05-01,820
2010-08-13,1068
2014-05-14,788
2016-12-03,758
2020-01-06,691
2019-06-08,888
2014-06-05,803
2012-04-20,917
2011-02-11,891
2019-09-28,700
2019-10-25,751
2016-12-25,488
2020-02-23,660
2016-11-17,811
2012-12-13,809
2010-03-17,1068
2020-10-01,639
2013-02-26,675
2020-08-17,640
2020-08-19,629
2009-11-26,681
2017-01-14,685
2017-11-27,774
2018-07-25,808
2018-04-28,679
2009-06-09,1087
2010-05-08,955
2015-09-09,711
2011-12-16,950
2012-07-15,1125
2020-06-24,580
2017-07-09,823
2014-10-28,771
2016-07-29,802
2012-10-21,927
2019-11-15,757
2019-05-04,699
2014-04-22,736
2010-06-03,1056
2010-02-21,809
2010-07-24,935
2012-06-13,1076
2014-07-14,814
2018-04-03,605
2012-05-03,981
2013-03-12,842
2013-01-15,841
2013-09-12,858
2011-10-19,879
2020-05-19,474
2018-06-16,826
2015-12-16,722
2011-05-14,929
2017-06-20,802
2012-01-30,868
2017-01-25,748
2017-06-09,816
2018-11-19,639
2014-09-17,796
2019-06-07,823
2010-08-31,1084
2013-06-16,957
2018-04-04,701
2018-09-17,786
2015-10-04,654
2016-05-13,808
2015-08-31,745
2009-07-05,1013
2009-02-13,1069
2013-08-25,949
2018-07-16,786
2015-12-27,627
2018-08-16,836
2010-10-20,1052
2013-12-29,718
2011-08-25,1091
2016-08-20,844
2013-04-18,798
2014-08-28,738
2009-05-26,1083
2011-11-02,974
2015-07-31,782
2009-08-23,1066
2017-09-08,702
2018-07-11,737
2016-02-04,670
2021-06-30,579
2014-02-08,604
2009-04-23,1088
2018-08-04,904
2015-12-24,675
2020-07-06,634
2016-06-18,763
2012-02-06,765
2017-06-18,786
2021-10-16,601
2015-12-22,694
2016-06-14,835
2019-10-27,701
2019-01-15,696
2012-03-28,911
2019-09-08,720
2016-06-07,754
2009-01-31,952
2012-12-26,621
2014-03-25,701
2016-01-08,744
2014-07-01,1015
2011-05-08,942
2011-05-28,948
2012-11-22,660
2013-12-16,707
2011-10-26,977
2015-11-26,589
2011-08-24,1032
2009-10-29,1075
2018-05-28,888
2021-08-03,539
2014-04-11,785
2020-10-15,647
2021-04-20,439
2020-08-14,644
2009-05-24,1078
2013-08-28,902
2019-08-29,773
2013-07-26,992
2021-05-25,636
2016-04-29,719
2020-05-30,924
2018-07-13,819
2020-10-13,591
2021-10-14,599
2010-11-14,899
2012-01-22,682
2021-11-21,579
2017-10-12,765
2020-07-09,559
2010-04-04,882
2016-05-31,756
2016-06-05,777
2019-09-02,777
2018-03-31,690
2019-11-30,663
2017-04-12,727
2017-10-08,718
2010-10-29,1085
2014-08-17,862
2014-10-25,802
2009-02-17,1069
2018-08-10,858
2011-06-19,1049
2018-11-08,676
2016-06-04,827
2016-04-17,708
2009-04-25,1134
2015-11-28,658
2011-06-18,1058
2012-06-20,1098
2014-10-15,773
2009-04-17,1269
2018-09-04,820
2016-01-20,619
2011-07-08,1029
2016-10-14,821
2021-05-24,659
2015-02-14,597
2017-07-29,800
2009-06-18,1147
2016-08-30,755
2009-12-18,1071
2015-04-26,718
2012-04-25,952
2009-07-25,1136
2019-03-28,683
2009-04-08,1151
2018-02-07,544
2013-01-07,819
2018-09-18,737
2015-12-31,611
2014-10-14,730
2011-11-11,960
2014-09-24,836
2020-04-24,440
2020-05-06,463
2017-03-30,691
2014-09-09,788
2015-02-08,615
2017-03-03,673
2017-12-12,684
2011-02-27,783
2015-11-30,668
2017-04-10,683
2020-03-20,499
2019-04-05,705
2017-03-12,553
2012-09-19,914
2013-02-21,768
2017-11-15,709
2017-05-31,739
2010-09-18,1051
2014-03-07,757
2014-03-09,621
2019-12-18,653
2021-03-18,447
2013-03-20,789
2015-03-04,562
2016-01-14,734
2014-12-18,667
2016-05-19,764
2009-11-09,1133
2016-01-31,665
2011-08-18,1072
2017-08-25,772
2010-03-21,902
2011-01-23,811
2013-10-20,808
2017-02-05,695
2016-11-09,680
2017-06-03,823
2012-10-04,880
2015-11-17,668
2014-07-13,849
2016-07-16,780
2019-05-26,827
2009-06-17,1115
2009-07-27,1174
2017-11-25,714
2021-10-22,604
2010-06-19,931
2019-03-08,718
2012-07-01,1191
2013-03-02,766
2014-04-27,672
2015-07-30,775
2011-05-24,1038
2016-09-02,799
2012-09-10,881
2021-05-20,570
2015-03-25,724
2010-03-13,983
2010-05-15,1114
2013-11-18,858
2019-02-05,653
2010-10-12,1095
2015-12-08,733
2016-04-19,703
2016-08-16,816
2011-08-02,1022
2011-11-04,1005
2015-02-01,562
2017-11-02,722
2017-11-04,756
2021-03-27,477
2009-09-28,1110
2010-01-31,824
2011-01-02,712
2017-01-15,656
2017-06-15,823
2020-07-19,627
2013-11-30,746
2011-05-21,966
2014-11-25,662
2015-10-24,765
2012-07-04,1045
2021-02-06,401
2018-05-08,805
2021-12-26,444
2011-01-17,809
2014-10-23,777
2016-02-16,625
2011-10-16,893
2011-06-21,1067
2017-01-11,663
2013-04-30,861
2018-04-11,769
2015-07-14,711
2016-03-22,722
2011-06-24,1029
2012-05-28,1030
2012-06-09,1050
2015-07-13,782
2011-01-26,919
2012-12-25,522
2013-08-05,854
2011-02-25,910
2016-04-03,706
2014-09-10,706
2012-07-31,933
2012-11-01,1075
2019-05-27,746
2017-12-28,601
2018-01-12,707
2010-03-10,1128
2018-12-31,648
2021-10-31,652
2015-09-05,767
2018-07-22,795
2021-09-04,664
2009-05-12,1220
2012-10-25,851
2012-09-08,985
2009-05-15,1149
2010-08-08,1069
2014-06-30,801
2020-08-23,625
2009-03-29,823
2015-06-18,768
2017-09-16,826
2012-12-30,707
2009-01-02,1061
2021-12-29,496
2017-11-16,765
2014-10-26,751
2021-07-15,526
2018-07-08,825
2018-09-29,732
2019-03-14,676
2013-06-02,832
2014-09-16,749
2017-02-08,666
2020-03-15,592
2013-04-26,962
2010-05-02,973
2015-01-08,448
2019-07-22,790
2009-08-02,1121
2009-07-09,1168
2010-06-07,1079
2016-04-16,734
2011-07-25,1062
2015-07-22,774
2016-05-15,739
2020-06-30,570
2020-10-17,619
2019-05-10,798
2010-11-08,1054
2015-09-04,815
2016-10-23,785
2010-10-09,1099
2011-07-23,1038
2014-09-23,835
2016-12-29,647
2017-10-15,639
2017-12-13,700
2010-12-27,687
2011-03-28,899
2019-12-07,700
2018-01-28,671
2009-10-21,1186
2018-06-06,815
2012-06-25,965
2009-10-23,1085
2020-02-09,564
2018-04-22,698
2013-08-15,924
2017-03-01,742
2021-12-10,590
2011-07-09,1073
2021-06-24,578
2018-12-20,788
2011-02-02,320
2015-05-24,687
2014-06-13,936
2021-08-31,588
2010-02-16,920
2018-11-07,685
2021-12-17,570
2014-11-10,776
2015-04-28,719
2020-05-10,473
2020-05-22,537
2020-08-02,568
2017-09-09,736
2009-12-19,918
2011-02-20,761
2014-07-24,853
2021-08-06,584
2015-01-22,752
2016-10-11,697
2009-03-07,1034
2018-03-09,745
2016-01-22,701
2021-02-19,490
2015-02-12,611
2017-01-19,738
2014-05-05,845
2016-08-24,823
2016-07-24,790
2012-08-28,953
2018-12-30,671
2019-04-27,629
2014-07-29,805
2016-09-19,712
2012-03-10,891
2017-09-06,648
2018-12-07,747
2015-09-30,678
2017-01-31,734
2012-01-23,834
2020-10-06,595
2014-02-20,648
2009-05-29,1193
2012-10-07,770
2021-04-07,584
2018-08-03,891
2010-07-27,1134
2016-10-06,754
2019-05-13,790
2016-11-11,798
2017-09-26,749
2009-12-24,753
2015-08-07,839
2014-08-06,809
2015-04-21,663
2012-08-17,964
2015-07-09,672
2012-12-16,790
2013-06-23,889
2013-07-04,946
2014-01-05,405
2020-01-27,697
2018-09-02,832
2011-04-02,1106
2014-09-20,846
2016-06-17,830
2013-01-02,750
2010-05-13,1034
2019-10-09,734
2018-10-12,707
2018-11-27,637
2014-01-31,744
2019-10-13,697
2016-06-11,816
2012-06-07,991
2009-10-11,919
2017-12-19,764
2021-04-17,515
2021-11-15,590
2010-05-28,1146
2014-02-23,631
2015-09-29,670
2016-01-18,515
2014-12-24,568
2014-09-28,837
2012-01-04,799
2017-08-03,849
2011-12-10,882
2020-05-09,463
2020-05-23,554
2009-12-15,958
2013-09-01,1116
2015-07-25,832
2015-05-30,719
2015-02-16,539
2016-11-12,780
2018-05-12,699
2021-04-25,501
2018-09-20,829
2018-10-16,667
2020-06-12,606
2021-03-05,530
2021-09-15,653
2010-07-22,1187
2015-12-01,797
2016-11-02,749
2012-04-06,903
2009-10-03,980
2018-06-12,794
2018-12-29,696
2019-01-28,521
2019-08-22,754
2017-10-10,703
2018-02-09,505
2021-07-20,575
2011-03-12,959
2016-10-08,715
2017-05-22,795
2017-10-31,758
2015-03-11,746
2021-08-27,667
2010-06-17,1141
2018-11-20,699
2016-07-12,780
2011-10-29,948
2014-12-17,736
2015-02-05,572
2013-01-13,709
2013-05-10,917
2013-09-21,904
2011-11-17,911
2020-11-28,492
2014-01-19,648
2014-10-05,716
2017-11-23,543
2020-05-03,490
2012-03-04,757
2017-11-13,718
2020-11-27,579
2021-02-11,436
2010-05-22,1052
2021-11-14,560
2014-01-08,599
2017-11-19,690
2018-05-13,690
2019-11-16,664
2016-06-20,857
2009-01-27,988
2011-10-02,927
2020-05-15,549
2012-09-15,1013
2013-07-17,932
2019-01-12,673
2018-10-13,744
2021-12-21,495
2013-02-13,860
2011-02-12,828
2011-03-19,928
2014-11-02,727
2016-01-11,513
2012-11-30,991
2010-12-17,911
2020-01-19,503
2013-01-11,905
2018-08-13,824
2021-06-13,669
2018-05-27,882
2018-09-16,819
2018-12-09,691
2014-04-21,730
2015-09-28,753
2017-03-22,647
2019-01-26,532
2015-09-27,802
2015-04-17,785
2010-01-25,925
2013-12-12,661
2017-05-02,689
2020-08-10,950
2021-07-06,556
2010-02-07,762
2021-02-07,382
2018-03-12,661
2014-04-28,724
2021-01-18,473
2012-08-26,905
2013-06-29,903
2014-01-29,728
2016-12-10,612
2020-07-29,620
2020-12-05,567
2019-02-12,665
2010-11-23,932
2017-03-10,666
2018-12-06,719
2014-02-14,696
2020-05-16,577
2020-05-29,581
2018-03-24,649
2019-01-07,676
2020-08-09,652
2015-02-04,577
2018-12-23,637
2020-04-25,400
2021-04-03,537
2017-12-30,621
2014-03-22,737
2019-12-17,670
2018-02-24,681
2018-04-07,635
2018-07-31,830
2019-05-01,816
2020-03-19,473
2017-10-07,712
2018-04-01,736
2021-05-13,541
2019-11-23,702
2017-07-25,850
2019-01-10,686
2020-01-11,560
2021-07-28,585
2016-11-04,783
2012-11-12,795
2018-04-08,618
2015-08-21,858
2009-11-13,1208
2010-04-08,1081
2014-06-09,823
2016-02-03,682
2014-12-25,439
2016-09-16,807
2019-11-03,721
2009-12-20,908
2011-03-23,936
2009-01-18,807
2012-04-03,884
2021-04-16,524
2010-06-20,1089
2013-12-22,754
2015-09-19,792
2011-07-29,1066
2013-01-20,688
2017-12-08,735
2009-01-04,998
2021-02-12,484
2017-11-10,678
2018-12-13,712
2017-05-03,739
2018-01-13,617
2017-08-22,780
2015-03-02,658
2012-03-05,764
2009-07-04,1014
2020-05-20,537
2018-11-18,630
2011-01-09,749
2015-02-22,593
2013-06-15,898
2021-12-20,537
2014-01-14,688
2016-11-15,712
2017-06-10,785
2009-09-22,1129
2021-04-21,456
2021-11-29,595
2019-05-15,764
2014-01-18,663
2016-11-08,644
2012-02-12,718
2010-06-05,1061
2021-06-05,610
2019-09-25,713
2014-05-22,789
2018-12-28,725
2020-06-22,671
2019-12-22,681
2019-11-18,683
2012-07-12,1040
2017-08-05,928
2018-09-21,825
2015-01-13,612
2015-06-27,723
2015-05-13,768
2010-12-24,744
2015-06-22,780
2021-06-09,606
2016-12-09,668
2020-09-30,582
2015-12-06,687
2018-07-27,800
2021-03-06,525
2017-12-16,772
2016-03-27,631
2019-08-30,767
2014-10-18,838
2014-08-25,777
2019-02-27,649
2020-04-13,398
2013-11-11,685
2014-04-26,778
2016-01-12,548
2021-05-05,576
2014-03-28,786
2020-06-29,555
2010-10-14,1038
2014-12-05,802
2020-04-03,509
2021-08-21,671
2020-05-08,444
2013-04-27,869
2019-08-16,774
2019-10-30,578
2019-10-14,686
2016-05-16,782
2014-08-13,857
2015-09-01,956
2011-02-24,883
2012-05-18,978
2014-06-26,826
2020-04-26,423
2011-10-15,962
2018-08-09,769
2015-03-17,692
2018-12-18,717
2019-09-11,750
2017-02-07,693
2013-12-08,610
2015-06-16,847
2014-11-18,624
2012-09-20,920
2021-06-18,639
2017-07-14,798
2021-09-20,648
2015-04-03,710
2018-09-30,741
2021-03-04,532
2016-01-13,654
2016-07-18,799
2019-09-20,816
2020-06-11,551
2014-04-09,776
2013-12-14,653
2014-01-09,614
2020-02-08,625
2020-01-17,581
2013-02-22,763
2021-03-25,468
2009-04-19,915
2012-10-23,893
2015-02-20,651
2018-02-02,674
2011-10-13,828
2011-11-23,975
2017-01-05,611
2010-09-28,1084
2016-05-14,723
2010-03-07,845
2015-04-06,676
2019-02-13,643
2020-01-22,633
2010-03-08,1094
2019-09-17,781
2009-04-13,904
2010-12-20,841
2014-12-10,726
2012-04-13,939
2019-07-31,713
2017-01-18,707
2013-05-25,839
2014-11-17,624
2018-05-16,759
2009-09-02,1104
2016-12-05,678
2020-01-21,584
2020-04-23,441
2021-08-11,545
2010-02-14,766
2015-11-08,705
2018-12-04,724
2014-02-16,585
2010-08-15,1108
2019-08-20,732
2009-11-21,992
2011-01-04,846
2013-12-19,798
2014-06-04,776
2012-08-07,952
2014-06-08,773
2017-12-26,526
2011-03-22,916
2012-12-07,899
2020-04-14,368
2020-06-25,615
2010-12-23,856
2018-11-14,639
2018-04-30,791
2018-11-03,784
2019-09-29,713
2014-11-12,595
2015-01-04,514
2013-09-20,946
2016-07-14,769
2012-07-11,1030
2014-10-06,722
2019-01-19,521
2021-02-23,546
2018-10-15,705
2018-12-17,712
2011-02-07,763
2012-03-29,948
2021-05-11,533
2015-01-16,710
2021-04-26,530
2014-04-13,680
2015-07-23,810
2021-06-17,555
2019-02-22,712
2020-08-15,626
2021-11-01,655
2009-07-28,1164
2017-05-12,849
2016-04-02,651
2020-03-02,602
2018-03-29,629
2009-07-19,1047
2021-09-03,641
2012-01-11,888
2017-10-30,708
2021-04-28,528
2015-01-31,636
2020-06-23,578
2014-08-15,863
2021-07-13,611
2019-02-11,626
2021-02-20,471
2018-04-19,724
2011-02-13,780
2020-04-10,427
2018-11-05,706
2018-09-23,735
2012-04-05,881
2020-09-15,607
2017-04-02,690
2012-03-08,922
2021-02-25,531
2015-01-27,675
2014-12-20,739
2019-10-31,589
2016-07-09,729
2019-01-11,784
2018-12-01,819
2011-01-29,826
2020-07-02,639
2020-03-27,426
2011-09-17,979
2019-10-28,660
2017-10-24,689
2019-08-09,796
2017-08-31,736
2014-01-24,688
2012-09-27,839
2016-02-29,646
2019-09-10,720
2020-01-04,638
2020-01-30,619
2018-12-26,630
2020-02-21,657
2015-10-12,732
2017-06-26,787
2021-12-19,506
2019-10-24,716
2020-05-28,552
2018-02-28,646
2013-12-15,630
2012-10-12,964
2017-03-31,777
2012-03-24,905
2021-03-17,509
2020-04-02,376
2020-11-14,473
2017-11-29,771
2020-06-26,558
2021-04-24,534
2021-02-15,335
2021-01-07,577
2021-10-18,630